PropertyName,Website,2019-07-07,2019-07-08,2019-07-09,2019-07-10,2019-07-11,2019-07-12,2019-07-13,2019-07-14,2019-07-15,2019-07-16,2019-07-17,2019-07-18,2019-07-19,2019-07-20,2019-07-21,2019-07-22,2019-07-23,2019-07-24,2019-07-25,2019-07-26,2019-07-27,2019-07-28,2019-07-29,2019-07-30,2019-07-31,2019-08-01,2019-08-02,2019-08-03,2019-08-04,2019-08-05,2019-08-06,2019-08-07,2019-08-08,2019-08-09,2019-08-10,2019-08-11,2019-08-12,2019-08-13,2019-08-14,2019-08-15,2019-08-16,2019-08-17,2019-08-18,2019-08-19,2019-08-20,2019-08-21,2019-08-22,2019-08-23,2019-08-24,2019-08-25,2019-08-26,2019-08-27,2019-08-28,2019-08-29,2019-08-30,2019-08-31,2019-09-01,2019-09-02,2019-09-03,2019-09-04,2019-09-05,2019-09-06,2019-09-07,2019-09-08,2019-09-09,2019-09-10,2019-09-11,2019-09-12,2019-09-13,2019-09-14,2019-09-15,2019-09-16,2019-09-17,2019-09-18,2019-09-19,2019-09-20,2019-09-21,2019-09-22,2019-09-23,2019-09-24,2019-09-25,2019-09-26,2019-09-27,2019-09-28,2019-09-29,2019-09-30,2019-10-01,2019-10-02,2019-10-03,2019-10-04,2019-10-05,2019-10-06,2019-10-07,2019-10-08,2019-10-09,2019-10-10,2019-10-11,2019-10-12,2019-10-13,2019-10-14,2019-10-15,2019-10-16,2019-10-17,2019-10-18,2019-10-19,2019-10-20,2019-10-21,2019-10-22,2019-10-23,2019-10-24,2019-10-25,2019-10-26,2019-10-27,2019-10-28,2019-10-29,2019-10-30,2019-10-31,2019-11-01,2019-11-02,2019-11-03,2019-11-04,2019-11-05,2019-11-06,2019-11-07,2019-11-08,2019-11-09,2019-11-10,2019-11-11,2019-11-12,2019-11-13,2019-11-14,2019-11-15,2019-11-16,2019-11-17,2019-11-18,2019-11-19,2019-11-20,2019-11-21,2019-11-22,2019-11-23,2019-11-24,2019-11-25,2019-11-26,2019-11-27,2019-11-28,2019-11-29,2019-11-30,2019-12-01,2019-12-02,2019-12-03,2019-12-04,2019-12-05,2019-12-06,2019-12-07,2019-12-08,2019-12-09,2019-12-10,2019-12-11,2019-12-12,2019-12-13,2019-12-14,2019-12-15,2019-12-16,2019-12-17,2019-12-18,2019-12-19,2019-12-20,2019-12-21,2019-12-22,2019-12-23,2019-12-24,2019-12-25,2019-12-26,2019-12-27,2019-12-28,2019-12-29,2019-12-30,2019-12-31,2020-01-01,2020-01-02,2020-01-03,2020-01-04,2020-01-05,2020-01-06,2020-01-07,2020-01-08,2020-01-09,2020-01-10,2020-01-11,2020-01-12,2020-01-13,2020-01-14,2020-01-15,2020-01-16,2020-01-17,2020-01-18,2020-01-19,2020-01-20,2020-01-21,2020-01-22,2020-01-23,2020-01-24,2020-01-25,2020-01-26,2020-01-27,2020-01-28,2020-01-29,2020-01-30,2020-01-31,2020-02-01,2020-02-02,2020-02-03,2020-02-04,2020-02-05,2020-02-06,2020-02-07,2020-02-08,2020-02-09,2020-02-10,2020-02-11,2020-02-12,2020-02-13,2020-02-14,2020-02-15,2020-02-16,2020-02-17,2020-02-18,2020-02-19,2020-02-20,2020-02-21,2020-02-22,2020-02-23,2020-02-24,2020-02-25,2020-02-26,2020-02-27,2020-02-28,2020-02-29,2020-03-01,2020-03-02,2020-03-03,2020-03-04,2020-03-05,2020-03-06,2020-03-07,2020-03-08,2020-03-09,2020-03-10,2020-03-11,2020-03-12,2020-03-13,2020-03-14,2020-03-15,2020-03-16,2020-03-17,2020-03-18,2020-03-19,2020-03-20,2020-03-21,2020-03-22,2020-03-23,2020-03-24,2020-03-25,2020-03-26,2020-03-27,2020-03-28,2020-03-29,2020-03-30,2020-03-31,2020-04-01,2020-04-02,2020-04-03,2020-04-04,2020-04-05,2020-04-06,2020-04-07,2020-04-08,2020-04-09,2020-04-10,2020-04-11,2020-04-12,2020-04-13,2020-04-14,2020-04-15,2020-04-16,2020-04-17,2020-04-18,2020-04-19,2020-04-20,2020-04-21,2020-04-22,2020-04-23,2020-04-24,2020-04-25,2020-04-26,2020-04-27,2020-04-28,2020-04-29,2020-04-30,2020-05-01,2020-05-02,2020-05-03,2020-05-04,2020-05-05,2020-05-06,2020-05-07,2020-05-08,2020-05-09,2020-05-10,2020-05-11,2020-05-12,2020-05-13,2020-05-14,2020-05-15,2020-05-16,2020-05-17,2020-05-18,2020-05-19,2020-05-20,2020-05-21,2020-05-22,2020-05-23,2020-05-24,2020-05-25,2020-05-26,2020-05-27,2020-05-28,2020-05-29,2020-05-30,2020-05-31,2020-06-01,2020-06-02,2020-06-03,2020-06-04,2020-06-05,2020-06-06,2020-06-07,2020-06-08,2020-06-09,2020-06-10,2020-06-11,2020-06-12,2020-06-13,2020-06-14,2020-06-15,2020-06-16,2020-06-17,2020-06-18,2020-06-19,2020-06-20,2020-06-21,2020-06-22,2020-06-23,2020-06-24,2020-06-25,2020-06-26,2020-06-27,2020-06-28,2020-06-29,2020-06-30,2020-07-01,2020-07-02,2020-07-03,2020-07-04,2020-07-05,maxDate1,maxDate2,maxDate3
Unique 2BR in South Loop by Sonder,https://www.homeaway.com/vacation-rental/p4824212?noDates=true&petIncluded=0,136,122,157,154,173,307,327,207,172,162,169,200,333,342,229,202,205,210,220,298,320,207,202,201,278,404,535,530,329,188,174,173,211,372,393,230,189,181,199,247,376,365,195,151,154,153,191,304,319,172,151,142,151,169,319,366,260,143,112,127,194,338,379,251,222,203,221,274,400,398,274,186,172,180,222,348,374,232,187,187,191,212,317,361,202,171,199,204,256,379,378,218,206,276,312,340,654,735,518,346,239,236,441,567,567,294,225,199,174,194,324,332,178,138,139,147,189,338,373,227,203,197,212,225,355,374,197,144,148,147,164,262,287,152,144,171,164,210,249,228,156,144,144,175,206,318,365,195,165,167,163,167,227,215,123,103,101,109,123,185,205,127,117,123,131,141,209,241,209,211,203,207,212,234,277,307,174,129,120,118,132,129,94,94,95,97,104,141,155,119,92,89,91,98,132,146,119,119,115,108,106,129,139,94,87,90,95,92,125,127,87,81,82,79,89,123,131,90,90,92,99,109,176,192,126,95,91,96,108,163,166,98,87,85,92,105,151,172,123,110,106,113,132,216,249,170,162,154,174,232,413,431,205,152,147,152,176,247,280,204,204,216,217,228,291,288,197,169,176,201,238,316,311,180,154,160,182,219,357,389,245,220,211,198,217,327,330,195,167,166,173,229,388,421,246,187,182,184,221,330,385,293,342,366,347,325,392,403,268,237,234,247,303,489,555,394,379,338,293,310,422,488,363,236,226,251,391,644,669,430,385,349,338,411,591,646,487,431,423,341,319,410,454,373,395,415,372,372,484,522,394,367,365,318,334,459,485,295,268,279,316,340,427,426,288,2019-10-12,2020-05-30,2019-10-11
Loft-Style 2BR in South Loop by Sonder,https://www.homeaway.com/vacation-rental/p4824351?noDates=true&petIncluded=0,147,131,154,139,156,307,327,207,172,162,169,200,333,342,229,202,205,210,220,298,320,207,212,211,264,436,578,574,355,188,174,173,211,372,393,230,189,181,199,247,376,365,195,151,154,153,191,304,319,172,151,142,151,169,319,366,260,143,112,133,205,338,379,251,222,203,221,274,400,398,274,186,172,180,222,348,374,232,187,187,191,212,317,361,202,171,199,204,256,379,378,218,206,276,312,340,654,735,518,346,239,236,366,471,471,244,187,165,174,194,324,332,178,138,139,147,189,338,373,227,203,197,212,225,355,374,197,144,148,147,164,262,287,152,144,171,164,210,249,228,156,144,144,175,206,318,365,195,165,167,163,167,227,215,123,103,101,109,123,185,205,127,117,123,131,141,209,241,209,211,203,207,212,234,277,307,174,129,120,118,132,129,94,94,95,97,104,141,155,119,92,89,91,98,132,146,119,119,115,108,106,129,139,94,87,90,95,92,125,127,87,81,82,79,89,123,131,90,90,92,99,109,176,192,126,95,91,96,108,163,166,98,87,85,92,105,151,172,123,110,106,113,132,216,249,170,162,154,174,232,413,431,205,152,147,152,176,247,280,204,204,216,217,228,291,288,197,169,176,201,238,316,311,180,154,160,182,219,357,389,245,220,211,198,217,327,330,195,167,166,173,229,388,421,246,187,182,184,221,330,385,293,342,366,347,325,392,403,268,237,234,247,303,489,555,394,379,338,293,310,422,488,363,236,226,251,391,644,669,430,385,349,338,411,591,646,487,431,423,341,319,410,454,373,395,415,372,372,484,522,394,367,365,318,334,459,485,295,268,279,316,340,427,426,288,2019-10-12,2020-05-30,2019-10-11
Industrial 2BR in South Loop by Sonder,https://www.homeaway.com/vacation-rental/p4824172?noDates=true&petIncluded=0,185,165,166,163,156,307,327,207,172,162,169,200,333,342,229,202,205,210,220,298,320,207,202,201,264,384,535,530,329,188,174,173,211,372,393,230,189,181,199,247,376,365,195,151,154,153,191,304,319,172,151,142,151,169,319,366,260,143,112,127,194,338,379,251,222,203,221,274,400,398,274,186,172,180,222,348,374,232,187,187,191,212,317,361,202,171,199,204,256,379,378,218,206,276,312,340,654,735,518,346,239,236,366,471,471,244,187,165,174,194,324,332,178,138,139,147,189,338,373,227,203,197,212,225,355,374,197,144,148,147,164,262,287,152,144,171,164,210,249,228,156,144,144,175,206,318,365,195,165,167,163,167,227,215,123,103,101,109,123,185,205,127,117,123,131,141,209,241,209,211,203,207,212,234,277,307,174,129,120,118,132,129,94,94,95,97,104,141,155,119,92,89,91,98,132,146,119,119,115,108,106,129,139,94,87,90,95,92,125,127,87,81,82,79,89,123,131,90,90,92,99,109,176,192,126,95,91,96,108,163,166,98,87,85,92,105,151,172,123,110,106,113,132,216,249,170,162,154,174,232,413,431,205,152,147,152,176,247,280,204,204,216,217,228,291,288,197,169,176,201,238,316,311,180,154,160,182,219,357,389,245,220,211,198,217,327,330,195,167,166,173,229,388,421,246,187,182,184,221,330,385,293,342,366,347,325,392,403,268,237,234,247,303,489,555,394,379,338,293,310,422,488,363,236,226,251,391,644,669,430,385,349,338,411,591,646,487,431,423,341,319,410,454,373,395,415,372,372,484,522,394,367,365,318,334,459,485,295,268,279,316,340,427,426,288,2019-10-12,2020-05-30,2019-10-11
Sunny South Loop 2BDR Loft Near McCormick & Train!,https://www.homeaway.com/vacation-rental/p7664955?noDates=true&petIncluded=0,145,158,188,213,272,314,326,234,215,204,213,271,405,416,235,201,205,188,220,279,293,185,168,213,266,382,484,520,391,209,249,312,397,539,549,265,242,234,235,323,378,414,301,246,264,267,285,361,392,260,237,250,235,299,382,407,301,268,265,267,315,364,386,314,284,305,282,300,389,477,350,310,305,254,286,365,413,304,281,301,264,298,365,383,271,239,251,234,271,326,347,244,222,259,245,441,724,821,584,332,293,234,288,471,604,446,405,419,260,254,321,359,268,235,240,213,244,301,327,242,228,238,217,248,307,367,300,294,311,289,296,312,327,241,223,238,221,250,306,334,246,285,297,281,321,404,458,267,256,268,254,300,341,338,243,228,241,227,260,316,339,253,237,254,244,295,355,407,279,309,431,399,341,418,450,387,377,738,274,274,323,325,223,207,217,200,229,272,289,216,210,216,202,222,262,279,209,196,206,193,220,264,282,208,198,207,194,221,263,284,210,202,211,198,226,267,289,213,206,233,235,371,524,541,366,243,227,207,239,282,299,207,199,208,195,233,274,327,536,254,271,242,264,319,348,261,252,266,250,375,439,470,348,348,367,348,396,459,494,370,309,327,306,344,382,408,303,290,304,230,260,309,332,244,237,245,230,262,309,328,242,234,245,230,262,307,323,241,283,297,278,262,309,329,244,240,250,237,288,381,409,301,316,329,243,277,321,350,262,253,271,251,288,341,366,271,264,277,260,296,351,374,279,271,285,290,441,576,620,406,375,289,262,286,352,392,284,259,271,265,306,372,413,305,282,295,287,315,387,413,305,282,307,277,315,387,413,305,282,295,279,319,822,685,372,2020-07-03,2019-10-12,2019-12-31
Modern 1BR in South Loop by Sonder,https://www.homeaway.com/vacation-rental/p7181965?noDates=true&petIncluded=0,143,135,142,144,176,237,254,169,144,136,139,174,226,239,166,151,151,149,144,169,197,154,149,146,262,349,397,397,290,206,200,203,179,237,250,178,159,165,183,211,259,253,172,151,150,157,166,210,223,157,147,139,141,149,217,251,211,142,126,147,185,268,273,216,220,228,226,240,287,280,209,163,141,143,160,207,223,164,142,146,155,169,207,223,156,141,154,157,189,226,236,169,199,178,173,207,384,427,337,195,223,216,231,271,272,189,165,157,156,164,197,205,138,130,131,124,157,203,211,156,148,156,166,168,210,209,134,117,116,114,124,150,165,115,107,114,128,137,159,152,118,108,107,108,154,197,230,160,150,148,151,155,180,131,77,76,78,75,85,99,112,86,86,88,89,90,93,99,95,97,100,105,113,185,223,256,153,117,106,107,117,116,83,83,85,91,95,125,132,104,85,85,82,89,116,129,98,100,96,88,94,109,112,78,75,72,85,83,106,106,71,67,67,67,71,95,106,77,75,76,87,94,136,150,105,82,78,83,93,128,135,90,83,81,91,97,128,141,103,95,93,101,120,172,194,142,126,129,154,195,325,343,184,147,136,142,162,204,223,172,170,182,183,203,229,223,155,141,150,167,194,240,248,159,152,156,167,203,294,315,226,209,206,192,213,266,269,186,163,160,179,223,304,325,229,195,189,199,227,283,336,276,319,335,314,296,316,320,238,235,250,258,298,415,455,354,352,320,286,287,360,402,328,236,217,238,340,512,520,400,376,333,329,373,478,515,425,399,378,323,307,361,393,339,363,374,335,348,423,433,374,339,347,309,301,378,391,264,239,249,271,287,356,371,280,2020-05-30,2020-06-06,2020-05-29
Sleek 2BR in South Loop by Sonder,https://www.homeaway.com/vacation-rental/p7181982?noDates=true&petIncluded=0,190,170,171,168,156,381,405,207,172,162,169,200,333,342,229,202,205,210,220,298,320,207,202,201,264,404,535,530,329,198,174,173,211,372,393,230,189,181,199,247,376,365,195,151,154,153,191,304,319,172,151,142,151,169,319,366,260,143,112,127,194,338,379,251,222,203,221,274,400,419,288,195,172,180,222,348,374,232,187,187,191,212,317,361,202,171,199,204,256,379,378,218,206,276,312,340,654,735,518,346,239,236,366,471,471,244,187,165,174,194,324,332,178,138,139,147,189,338,373,227,203,197,212,225,355,374,197,144,148,147,164,262,287,152,144,171,164,210,249,228,156,144,144,175,206,318,365,195,165,167,163,167,227,215,123,103,101,109,123,185,205,127,117,123,131,141,209,241,209,211,203,207,212,234,277,307,174,129,120,118,132,129,94,94,95,97,104,141,155,119,92,89,91,98,132,146,119,119,115,108,106,129,139,94,87,90,95,92,125,127,87,81,82,79,89,123,131,90,90,92,99,109,176,192,126,95,91,96,108,163,166,98,87,85,92,105,151,172,123,110,106,113,132,216,249,170,162,154,174,232,413,431,205,152,147,152,176,247,280,204,204,216,217,228,291,288,197,169,176,201,238,316,311,180,154,160,182,219,357,389,245,220,211,198,217,327,330,195,167,166,173,229,388,421,246,187,182,184,221,330,385,293,342,366,347,325,392,403,268,237,234,247,303,489,555,394,379,338,293,310,422,488,363,236,226,251,391,644,669,430,385,349,338,411,591,646,487,431,423,341,319,410,454,373,395,415,372,372,484,522,394,367,365,318,334,459,485,295,268,279,316,340,427,426,288,2019-10-12,2020-05-30,2019-10-11
Lively 1BR in South Loop by Sonder,https://www.homeaway.com/vacation-rental/p7181989?noDates=true&petIncluded=0,113,116,130,132,163,210,224,169,144,136,139,174,226,239,166,151,151,149,144,169,197,154,149,146,262,349,397,397,290,206,200,203,179,237,250,178,159,165,183,211,259,253,172,151,150,157,166,210,223,157,147,139,141,149,217,251,211,142,126,147,185,268,273,216,220,228,226,240,287,280,209,163,141,143,160,207,223,164,142,146,155,169,207,223,156,141,154,157,189,226,236,169,199,178,173,218,403,448,354,205,235,216,231,271,272,189,165,157,156,164,197,205,138,130,131,124,157,203,211,156,148,156,166,168,210,209,134,117,116,114,124,150,165,115,107,114,128,137,159,152,118,108,107,108,154,197,130,90,85,83,80,83,172,131,77,76,78,75,85,99,112,86,86,88,89,90,93,99,95,97,100,105,113,185,223,256,153,117,106,107,117,116,83,83,85,91,95,125,132,104,85,85,82,89,116,129,98,100,96,88,94,109,112,78,75,72,85,83,106,106,71,67,67,67,71,95,106,77,75,76,87,94,136,150,105,82,78,83,93,128,135,90,83,81,91,97,128,141,103,95,93,101,120,172,194,142,126,129,154,195,325,343,184,147,136,142,162,204,223,172,170,182,183,203,229,223,155,141,150,167,194,240,248,159,152,156,167,203,294,315,226,209,206,192,213,266,269,186,163,160,179,223,304,325,229,195,189,199,227,283,336,276,319,335,314,296,316,320,238,235,250,258,298,415,455,354,352,320,286,287,360,402,328,236,217,238,340,512,520,400,376,333,329,373,478,515,425,399,378,323,307,361,393,339,363,374,335,348,423,433,374,339,347,309,301,378,391,264,239,249,271,287,356,371,280,2020-05-30,2020-06-06,2020-05-29
*Location Location Location~** 3 Bedroom Condo*Walk to Everything* Attractions!*,https://www.homeaway.com/vacation-rental/p1564620vb?noDates=true&petIncluded=0,285,285,285,285,285,285,335,335,335,335,335,335,365,365,365,365,365,365,365,365,365,365,365,365,365,365,365,365,365,365,365,365,365,365,365,365,325,325,325,325,325,325,325,325,325,325,325,325,325,325,325,325,325,340,340,340,340,340,340,340,385,385,385,385,390,390,390,390,390,390,390,390,390,390,390,390,390,390,390,390,390,390,390,390,390,390,385,385,385,385,385,385,385,385,385,385,385,385,385,385,385,385,385,385,385,385,385,385,385,385,385,385,385,385,385,385,385,385,385,385,385,385,385,385,385,385,385,385,385,385,385,385,385,385,385,385,385,385,385,385,385,385,385,385,395,395,395,395,395,395,395,395,395,325,325,325,325,325,325,325,325,325,325,325,325,325,325,325,325,325,325,325,325,325,325,325,325,325,325,365,365,365,365,365,365,365,365,365,365,365,365,365,365,365,365,365,365,365,365,365,365,365,365,365,365,365,365,365,365,365,365,365,365,365,365,365,365,365,365,365,365,365,365,365,365,365,365,365,365,365,365,365,365,365,365,365,365,365,365,365,365,365,365,365,365,365,365,365,365,365,365,365,365,325,325,325,325,325,325,325,325,325,325,325,325,325,325,325,325,325,325,325,325,325,325,325,325,325,325,325,325,325,325,325,325,325,325,325,325,325,325,325,325,325,325,325,325,325,325,365,365,365,365,365,365,365,365,365,365,365,365,365,365,365,365,365,365,365,365,365,365,365,365,365,365,365,365,365,365,365,365,365,365,365,365,365,365,365,365,365,365,365,365,365,365,365,365,365,365,365,365,365,365,365,365,365,365,365,365,365,365,365,365,365,365,2019-11-30,2019-11-29,2019-11-28
**2bd/2ba Great Location for Family Fun and Business**,https://www.homeaway.com/vacation-rental/p1587427vb?noDates=true&petIncluded=0,200,200,200,200,200,235,275,275,275,275,275,275,275,295,295,295,295,295,295,295,295,295,295,295,295,295,295,295,295,295,295,295,295,295,295,295,265,265,265,265,265,265,265,265,265,265,265,265,265,265,265,265,265,295,295,295,295,295,295,295,315,315,315,315,315,315,315,315,315,315,315,315,315,315,315,315,315,315,315,315,315,315,315,315,315,315,300,300,300,300,300,300,300,300,300,300,300,300,300,300,300,300,300,300,300,300,300,300,300,300,300,300,300,300,300,300,300,315,315,315,315,315,315,315,315,315,315,315,315,315,315,315,315,315,315,315,315,315,315,315,315,315,315,315,315,315,315,315,315,315,315,315,315,295,295,295,295,295,295,295,295,295,295,295,295,295,295,295,295,295,295,295,295,295,295,295,295,295,295,295,295,295,295,295,295,295,295,295,295,295,295,295,295,295,295,295,295,295,295,295,295,295,295,295,295,295,295,295,295,295,295,295,295,295,295,295,295,295,295,295,295,295,295,295,295,295,295,295,295,295,295,295,295,295,295,295,295,295,295,295,295,295,295,295,295,295,295,295,295,295,295,295,295,295,295,295,295,295,295,295,295,295,295,295,295,295,295,295,295,295,295,295,295,295,295,295,295,295,295,295,295,295,295,295,295,295,295,295,295,295,295,295,295,295,295,295,295,295,295,295,295,295,295,295,295,295,295,295,295,295,295,295,295,295,295,295,295,295,295,295,295,295,295,295,295,295,295,295,295,295,295,295,295,295,295,295,295,295,295,295,295,295,295,295,295,295,295,295,295,295,295,295,295,295,295,295,295,295,295,295,295,295,295,295,295,2019-09-07,2019-09-06,2019-09-05
*Walk to Everything*Location Location**Family Friendly**3 bedroom Condo***,https://www.homeaway.com/vacation-rental/p1566355vb?noDates=true&petIncluded=0,285,285,285,285,285,335,335,335,335,335,335,335,360,360,360,360,360,360,360,360,360,360,360,360,360,360,360,360,360,360,360,360,360,360,360,360,325,325,325,325,325,325,325,325,325,325,325,325,325,325,325,325,360,360,360,360,350,360,360,360,385,385,385,385,390,390,390,390,390,390,390,390,390,390,390,390,390,390,390,390,390,390,390,390,390,390,385,385,385,385,385,385,385,385,385,385,385,385,385,385,385,385,385,385,385,385,385,385,385,385,385,385,385,385,385,385,385,375,375,375,375,375,375,375,375,375,375,375,375,375,375,375,375,375,375,375,375,375,375,375,375,375,375,375,395,395,395,395,395,395,395,395,395,325,325,325,325,325,325,325,325,325,325,325,325,325,325,325,325,325,325,325,325,325,325,325,325,325,325,360,360,360,360,360,360,360,360,360,360,360,360,360,360,360,360,360,360,360,360,360,360,360,360,360,360,360,360,360,360,360,360,360,360,360,360,360,360,360,360,360,360,360,360,360,360,360,360,360,360,360,360,360,360,360,360,360,360,360,360,360,360,360,360,360,360,360,360,360,360,360,360,360,360,360,360,360,360,360,360,360,360,360,360,360,360,360,360,360,360,360,360,360,360,360,360,360,360,360,360,360,360,360,360,360,360,360,360,360,360,360,360,360,360,360,360,360,360,360,360,410,410,410,410,410,410,410,410,410,410,410,410,410,410,410,410,410,410,410,410,410,410,410,410,410,410,410,410,410,410,410,410,410,410,410,410,410,410,410,410,410,410,410,410,410,410,410,410,410,410,410,410,410,410,410,410,410,410,410,410,410,410,410,410,410,410,2020-05-03,2020-05-02,2020-05-01
Homey 3BR/2Bath Apt near Soldier Field by Domio!,https://www.homeaway.com/vacation-rental/p7837052?noDates=true&petIncluded=0,279,268,286,316,327,415,420,357,326,359,366,389,637,636,433,407,429,383,447,559,575,294,274,427,491,630,779,834,707,444,453,465,508,711,706,425,404,395,380,405,520,556,402,367,409,447,427,565,583,373,356,390,367,355,542,545,426,394,413,438,494,581,580,487,477,545,478,436,577,685,527,504,529,428,423,558,614,483,470,526,466,449,561,569,432,403,445,403,433,513,528,392,373,449,409,641,957,1072,871,669,508,404,421,924,1099,946,894,944,418,302,499,574,430,407,417,365,366,470,500,393,387,418,375,376,484,553,470,505,537,482,442,490,503,395,382,434,395,380,480,512,393,379,400,378,381,497,554,607,632,669,608,632,681,479,403,392,433,408,416,459,480,414,410,461,430,448,508,551,446,415,439,418,423,752,796,662,779,947,444,425,472,452,372,359,379,354,356,401,407,386,393,400,379,373,388,395,366,341,361,341,343,390,397,351,345,365,343,346,392,401,357,354,374,358,363,401,411,369,361,405,402,544,706,700,571,409,397,368,377,424,429,362,359,380,352,361,405,464,763,428,458,415,401,463,480,429,426,455,442,463,544,534,484,479,512,487,490,547,560,500,511,549,513,511,553,565,500,493,519,516,500,589,584,504,522,527,493,497,560,565,498,496,533,499,497,556,557,499,586,636,598,497,571,578,524,536,592,562,566,600,637,537,596,622,509,530,591,602,539,536,607,538,547,637,641,566,579,618,558,562,636,644,574,571,609,612,790,936,961,791,776,620,569,555,644,674,586,559,591,579,617,672,704,620,599,635,611,597,693,702,621,597,670,601,597,702,705,620,597,630,631,635,1265,1037,722,2020-07-03,2019-10-19,2019-10-12
Gorgeous 2BR/2BA Apt near Shedd Aquarium by Domio!,https://www.homeaway.com/vacation-rental/p7837055?noDates=true&petIncluded=0,208,200,211,234,245,310,313,270,244,251,254,282,495,496,291,266,289,267,322,417,416,266,242,292,360,665,839,869,512,331,339,388,432,624,614,345,325,302,299,317,429,453,324,295,319,340,341,467,477,298,284,301,280,282,427,435,340,315,324,328,358,462,462,393,382,404,364,345,474,556,427,412,413,328,333,459,495,383,375,400,343,352,461,454,338,319,332,304,321,408,413,303,296,345,318,535,847,919,742,566,396,303,336,789,943,797,767,786,326,296,407,445,344,320,320,278,288,383,394,305,307,319,284,294,391,447,379,401,420,386,357,400,398,306,304,323,295,306,391,409,312,307,317,295,305,410,444,474,491,509,470,506,560,375,311,309,327,303,315,370,378,324,329,354,333,361,419,446,352,331,343,321,332,602,609,514,623,713,338,333,383,364,289,286,296,270,279,323,325,289,293,296,274,274,312,315,272,272,282,260,269,315,317,271,274,284,263,272,314,321,275,281,291,269,278,322,328,282,287,320,316,448,614,600,469,335,312,282,295,340,342,275,280,290,257,266,305,346,652,342,360,319,316,372,383,331,339,355,328,370,428,428,372,388,405,378,391,443,451,389,413,433,399,408,445,449,383,391,405,376,389,455,458,386,403,411,378,390,449,451,383,395,409,377,390,446,444,392,472,495,457,390,467,463,395,432,475,442,457,486,496,421,478,492,386,416,467,478,414,427,450,411,429,503,500,428,448,465,427,441,509,512,441,455,475,486,666,801,814,652,640,483,430,425,509,538,448,435,450,434,460,538,565,483,476,492,472,469,562,565,483,475,531,453,469,563,567,482,475,491,464,480,1122,971,438,2020-07-03,2020-07-04,2019-10-19
Stylish 2BR/2BA Apt near the Field Musuem by Domio,https://www.homeaway.com/vacation-rental/p7837051?noDates=true&petIncluded=0,208,200,211,234,245,310,313,270,240,251,254,282,495,496,291,266,289,267,322,417,416,266,242,292,360,665,839,869,512,331,339,388,432,624,614,345,325,302,299,317,429,453,324,295,319,340,341,467,477,298,284,301,280,282,427,435,340,315,324,328,358,462,462,393,382,404,364,345,474,556,427,412,413,328,333,459,495,383,375,400,343,352,461,454,338,319,332,304,321,408,413,303,296,345,318,535,847,919,742,566,396,303,336,789,943,797,767,786,326,296,407,445,344,320,320,278,288,383,394,305,307,319,284,294,391,447,379,401,420,386,357,400,398,306,304,323,295,306,391,409,312,307,317,295,305,410,444,474,491,509,470,506,560,375,311,309,327,303,315,370,378,324,329,354,333,361,419,446,352,331,343,321,332,602,609,514,623,713,338,333,383,364,289,286,296,270,279,323,325,289,293,296,274,274,312,315,272,272,282,260,269,315,317,271,274,284,263,272,314,321,275,281,291,269,278,322,328,282,287,320,316,448,614,600,469,335,312,282,295,340,342,275,280,290,257,266,305,346,652,342,360,319,316,372,383,331,339,355,328,370,428,428,372,388,405,378,391,443,451,389,413,433,399,408,445,449,383,391,405,376,389,455,458,386,403,411,378,390,449,451,383,395,409,377,390,446,444,392,472,495,457,390,467,463,395,432,475,442,457,486,496,421,478,492,386,416,467,478,414,427,450,411,429,503,500,428,448,465,427,441,509,512,441,455,475,486,666,801,814,652,640,483,430,425,509,538,448,435,450,434,460,538,565,483,476,492,472,469,562,565,483,475,531,453,469,563,567,482,475,491,464,480,1122,971,438,2020-07-03,2020-07-04,2019-10-19
Convenient 3BR/2Bath Apt in South Loop by Domio!,https://www.homeaway.com/vacation-rental/p7837058?noDates=true&petIncluded=0,274,264,279,309,324,409,413,356,323,332,336,347,653,654,385,334,344,318,383,497,496,317,289,348,429,792,1000,1035,611,394,404,486,542,782,770,432,408,379,375,398,539,568,407,370,400,426,428,585,598,374,357,377,351,353,536,545,426,395,406,411,449,580,580,492,479,506,457,432,595,698,536,516,518,412,418,576,621,480,470,502,430,442,578,569,424,400,416,381,402,512,518,379,371,433,399,671,1063,1152,931,710,497,380,422,989,1183,1000,962,986,410,372,510,558,431,401,401,348,361,481,494,382,385,400,356,368,490,560,476,503,526,484,448,502,499,383,381,405,370,384,491,513,391,386,397,370,383,514,556,595,615,638,590,634,702,471,390,388,410,380,395,464,474,407,413,444,418,453,525,559,441,415,430,402,416,755,763,645,781,894,424,417,480,456,362,358,371,338,350,405,408,362,368,372,344,344,392,395,342,341,353,327,338,395,398,340,344,356,329,341,394,403,344,352,365,337,349,404,412,353,360,401,397,562,770,753,588,421,391,353,370,426,429,344,352,364,322,334,382,434,817,429,452,400,396,466,480,415,425,445,411,464,537,536,466,486,508,474,490,556,565,488,519,543,500,512,558,563,480,491,507,472,488,571,574,484,505,515,474,489,564,565,481,496,513,473,489,559,556,491,592,621,574,489,585,581,496,542,595,555,574,610,622,528,599,617,484,522,586,599,519,536,565,516,539,630,627,537,562,583,535,554,639,643,553,571,596,609,836,1005,1021,818,802,606,540,533,639,675,562,545,564,545,577,675,709,606,597,617,592,588,704,708,606,596,666,569,588,706,711,605,596,616,582,602,1407,1217,549,2020-07-03,2020-07-04,2019-10-19
Spacious 3BR/2Bath Apt near Grant Park by Domio,https://www.homeaway.com/vacation-rental/p7837050?noDates=true&petIncluded=0,270,254,270,300,322,419,427,331,269,276,309,387,726,731,439,354,355,337,416,567,543,329,301,354,436,885,1148,1191,705,402,416,511,594,918,931,498,430,377,386,419,597,644,450,390,394,415,440,626,639,390,358,369,350,365,583,587,462,407,405,410,463,588,586,502,488,497,454,430,641,767,580,523,503,401,408,595,651,503,459,471,405,435,612,590,441,387,378,364,384,515,521,388,352,399,395,713,1248,1353,1092,732,464,351,422,1126,1383,1177,1055,1033,413,361,530,578,454,386,368,328,349,491,501,396,376,370,340,358,503,602,526,513,520,500,462,517,510,398,370,368,350,368,504,528,413,381,375,360,379,535,585,633,606,603,588,648,738,479,401,375,376,359,380,474,483,427,405,415,412,461,553,596,468,404,402,386,407,755,767,672,770,829,405,404,491,471,376,349,346,325,342,412,418,355,349,342,326,327,398,405,348,332,330,314,330,402,408,351,335,333,317,333,401,412,354,343,341,324,341,408,420,361,350,384,399,610,904,885,683,430,370,339,361,431,438,344,332,330,308,330,390,453,999,425,427,386,385,470,488,424,413,415,394,464,539,553,475,484,486,466,490,569,584,506,516,518,492,512,562,570,489,476,473,449,472,562,577,496,481,477,453,477,569,575,491,481,477,453,477,562,564,489,603,600,570,477,586,594,510,535,574,551,580,624,633,543,597,592,437,461,532,576,516,520,521,495,525,622,637,547,601,597,572,602,645,655,567,554,555,587,878,1101,1126,896,824,627,541,537,676,666,555,516,512,516,543,682,731,628,578,574,631,603,721,731,628,549,603,545,573,721,731,628,578,574,704,795,1853,942,299,2020-07-03,2019-10-19,2019-10-12
Stunning 3BR/2Bath Apt in South Loop by Domio,https://www.homeaway.com/vacation-rental/p7837054?noDates=true&petIncluded=0,304,289,302,336,362,472,490,348,315,313,348,396,713,717,417,363,363,335,413,545,528,332,300,353,452,866,1119,1086,664,409,424,525,584,885,866,473,431,379,392,420,598,635,454,395,397,418,440,610,620,392,363,371,357,368,581,581,458,409,426,438,484,613,613,527,513,515,476,452,671,781,595,552,524,424,433,624,658,511,482,488,429,457,625,611,459,414,409,395,410,548,550,413,382,426,434,749,1268,1352,1086,763,483,378,438,1129,1335,1146,1048,1013,429,379,550,603,474,414,391,354,369,510,535,423,405,392,365,380,527,612,545,539,535,516,469,540,531,416,393,388,374,389,527,549,430,406,396,385,402,540,573,629,612,605,597,655,756,497,419,399,397,384,401,496,503,445,429,436,437,480,573,612,485,429,424,413,429,796,805,693,801,842,434,428,513,490,392,370,365,348,361,429,434,369,371,362,349,345,415,419,361,352,348,335,348,419,423,364,355,351,338,352,419,429,370,364,359,346,360,427,437,377,372,403,423,630,922,899,697,452,408,399,420,475,480,393,394,389,375,429,486,599,962,407,406,391,406,491,508,442,437,437,421,486,562,574,494,510,509,496,514,594,606,526,544,542,523,536,588,593,510,504,498,479,497,588,600,517,510,503,484,502,594,597,510,510,503,484,502,585,585,508,641,632,609,502,591,597,513,520,513,499,517,817,825,710,765,752,556,565,630,636,552,551,548,528,553,648,660,568,639,630,612,635,672,657,552,553,550,562,861,1070,1088,862,878,661,577,582,704,711,611,562,554,566,587,752,841,723,679,669,707,668,831,839,687,581,573,552,573,713,720,620,566,788,1362,878,752,299,299,2020-07-01,2019-10-12,2019-10-19
**Location Location Location**Walk to Everything** Large*3 Bedroom Condo**,https://www.homeaway.com/vacation-rental/p1635445vb?noDates=true&petIncluded=0,285,285,285,285,285,285,335,335,335,335,335,335,345,345,345,345,345,345,345,345,345,345,345,345,345,345,345,345,345,345,345,345,345,345,345,345,345,345,345,345,345,345,345,345,345,345,345,345,345,345,345,345,345,345,345,345,345,345,345,355,355,355,355,355,355,355,355,355,355,355,355,355,355,355,355,355,355,355,355,355,355,355,355,355,355,355,345,345,345,345,345,345,345,345,345,345,345,345,345,345,345,355,355,355,355,355,355,355,355,355,355,355,355,355,355,355,355,345,345,345,345,345,345,345,345,345,345,345,345,345,345,345,345,345,345,345,345,345,345,345,345,345,375,375,375,375,375,375,375,375,375,375,375,335,335,335,335,335,335,335,335,335,335,335,335,335,335,335,335,335,335,335,335,335,335,335,335,335,345,345,345,345,345,345,345,345,345,345,345,345,345,345,345,345,345,345,345,345,345,345,345,345,345,345,345,345,345,345,345,345,345,345,345,345,345,345,345,345,345,345,345,345,345,345,345,345,345,345,345,345,345,345,345,345,345,345,345,345,345,345,345,345,345,345,345,345,345,345,345,345,345,345,345,345,345,345,345,345,345,345,345,345,345,345,345,345,345,345,345,345,345,345,345,345,345,345,345,345,345,345,345,345,345,345,345,345,345,345,345,345,345,345,345,345,345,345,345,345,345,345,345,345,345,345,345,345,345,345,345,345,345,345,345,345,345,345,345,345,345,345,345,345,345,345,345,345,345,345,345,345,345,345,345,345,345,345,345,345,345,345,345,345,345,345,345,345,345,345,345,345,345,345,345,345,345,345,345,345,345,345,345,345,345,345,345,2019-11-28,2019-11-27,2019-11-26
*Walk to Everything* Magnificent Mile* Navy Pier*Shedd Aquarium* Millennium Park,https://www.homeaway.com/vacation-rental/p1447199vb?noDates=true&petIncluded=0,335,335,335,340,340,340,340,340,335,335,335,335,325,325,325,325,325,325,325,325,325,325,325,325,325,325,325,325,325,325,325,325,325,325,325,325,325,325,325,325,325,325,325,325,325,325,325,325,325,325,325,325,325,340,340,340,340,340,340,340,385,385,385,385,390,390,390,390,390,390,390,390,390,390,390,390,390,390,390,390,390,390,390,390,390,390,380,380,380,380,380,380,325,325,325,325,325,325,325,325,325,380,380,380,380,380,380,380,380,380,380,380,380,380,380,380,380,380,380,380,380,380,380,380,380,380,380,380,380,380,380,380,380,380,380,380,380,380,380,380,380,380,380,380,395,395,395,395,395,395,395,395,395,325,325,325,325,325,325,325,325,325,325,325,325,325,325,325,325,325,325,325,325,325,325,325,325,325,325,325,325,325,325,325,325,325,325,325,325,325,325,325,325,325,325,325,325,325,325,325,325,325,325,325,325,325,325,325,325,325,325,325,325,325,325,325,325,325,325,325,325,325,325,325,325,325,325,325,325,325,325,325,325,325,325,325,325,325,325,325,325,325,325,325,325,325,325,325,325,325,325,325,325,325,325,325,325,325,325,325,325,325,325,325,325,325,325,325,325,325,325,325,325,325,325,325,325,325,325,325,325,325,325,325,325,325,325,325,325,325,325,325,325,325,325,325,325,325,325,325,325,325,325,325,325,325,325,325,325,325,325,325,325,325,325,325,325,325,325,325,325,325,325,325,325,325,325,325,325,325,325,325,325,325,325,325,325,325,325,325,325,325,325,325,325,325,325,325,325,325,325,325,325,325,325,325,325,325,325,325,325,325,325,325,325,2019-11-30,2019-11-29,2019-11-28
Luxury Home in Chicagoâ€™s South Loop,https://www.homeaway.com/vacation-rental/p1668577vb?noDates=true&petIncluded=0,1500,1250,1250,1250,1500,2000,2000,1500,1250,1250,1250,1500,2000,2000,1500,1250,1250,1250,1500,2000,2000,1500,1250,1250,1250,1500,3000,3000,1500,1250,1250,1250,1500,2000,2000,1500,1250,1250,1250,1500,2000,2000,1500,1250,1250,1250,1500,2000,2000,1500,1250,1250,1250,1500,2000,2000,3000,1250,1250,1250,1500,2000,2000,1500,1250,1250,1250,1500,2000,2000,1500,1250,1250,1250,1500,2000,2000,1500,1250,1250,1250,1500,2000,2000,1500,1250,1250,1250,1500,2000,2000,1500,1250,1250,1250,1500,3000,3000,1500,1250,1250,1250,1500,2000,2000,1500,1250,1250,1250,1500,2000,2000,1500,1250,1250,1250,1500,2000,2000,1500,1250,1250,1250,1500,2000,2000,1500,1250,1250,1250,1500,2000,2000,1500,1250,1250,1250,1500,2000,2000,1500,1250,1250,1250,1500,2000,2000,1500,1250,1250,1250,1500,2000,2000,1500,1250,1250,1250,1500,2000,2000,1500,1250,1250,1250,1500,2000,2000,1500,1250,1250,1250,1500,2000,2000,1500,1250,1250,1250,1500,2000,2000,1500,1250,1250,1250,1500,2000,2000,1500,1250,1250,1250,1500,2000,2000,1500,1250,1250,1250,1500,2000,2000,1500,1250,1250,1250,1500,2000,2000,1500,1250,1250,1250,1500,2000,2000,1500,1250,1250,1250,1500,2000,2000,1500,1250,1250,1250,1500,2000,2000,1500,1250,1250,1250,1500,2000,2000,1500,1250,1250,1250,1500,2000,2000,1500,1250,1250,1250,1500,2000,2000,1500,1250,1250,1250,1500,2000,2000,1500,1250,1250,1250,1500,2000,2000,1500,1250,1250,1250,1500,2000,2000,1500,1250,1250,1250,1500,2000,2000,1500,1250,1250,1250,1500,2000,2000,1500,1250,1250,1250,1500,2000,2000,1500,1250,1250,1250,1500,2000,2000,1500,1250,1250,1250,1500,2000,2000,1500,1250,1250,1250,1500,2000,2000,1500,1250,1250,1250,1500,2000,2000,1500,1250,1250,1250,1500,2000,2000,1500,1250,1250,1250,1500,2000,2000,1500,1250,1250,1250,1500,2000,2000,1500,1250,1250,1250,1500,2000,2000,1500,1250,1250,1250,1500,2000,2000,1500,1250,1250,1250,1500,2000,2000,1500,2019-09-01,2019-08-03,2019-08-02
One Bedroom Offers Residents Contemporary living,https://www.homeaway.com/vacation-rental/p7921626?noDates=true&petIncluded=0,189,189,189,189,189,216,216,189,189,189,189,189,216,216,189,189,189,189,189,216,216,189,189,189,189,189,216,216,189,189,189,189,189,216,216,189,189,189,189,189,216,216,189,189,189,189,189,216,216,189,189,189,189,189,216,216,189,189,189,189,189,216,216,189,189,189,189,189,216,216,189,189,189,189,189,216,216,189,189,189,189,189,216,216,189,189,189,189,189,216,216,189,189,189,189,189,216,216,189,189,189,189,189,216,216,189,189,189,189,189,216,216,189,189,189,189,189,216,216,189,189,189,189,189,216,216,189,189,189,189,189,216,216,189,189,189,189,189,216,216,189,189,189,189,189,216,216,189,189,189,189,189,216,216,189,189,189,189,189,216,216,189,189,189,189,189,216,216,189,189,189,189,189,216,216,189,189,189,189,189,216,216,189,189,189,189,189,216,216,189,189,189,189,189,216,216,189,189,189,189,189,216,216,189,189,189,189,189,216,216,189,189,189,189,189,216,216,189,189,189,189,189,216,216,189,189,189,189,189,216,216,189,189,189,189,189,216,216,189,189,189,189,189,216,216,189,189,189,189,189,216,216,189,189,189,189,189,216,216,189,189,189,189,189,216,216,189,189,189,189,189,216,216,189,189,189,189,189,216,216,189,189,189,189,189,216,216,189,189,189,189,189,216,216,189,189,189,189,189,216,216,189,189,189,189,189,216,216,189,189,189,189,189,216,216,189,189,189,189,189,216,216,189,189,189,189,189,216,216,189,189,189,189,189,216,216,189,189,189,189,189,216,216,189,189,189,189,189,216,216,189,189,189,189,189,216,216,189,189,189,189,189,216,216,189,2019-07-19,2019-07-13,2019-07-12
*Location Location Location* 2br/2ba In the Heart of the City*,https://www.homeaway.com/vacation-rental/p1447093vb?noDates=true&petIncluded=0,198,198,198,265,265,265,265,265,265,265,265,265,265,265,265,265,265,265,265,265,265,265,265,265,265,265,265,265,265,265,265,265,265,265,265,265,265,265,265,265,265,265,265,265,265,265,265,265,265,265,265,265,265,285,285,285,285,285,285,285,315,315,315,315,315,315,315,315,315,315,315,315,315,315,315,315,315,315,315,315,315,315,315,315,315,315,315,315,315,315,315,315,315,315,315,315,315,315,315,315,315,315,315,315,315,315,315,315,315,315,315,315,315,315,315,315,315,315,315,315,315,315,315,315,315,315,315,315,315,315,315,315,315,315,315,315,315,315,315,315,315,315,315,315,315,315,315,315,315,315,315,315,315,265,265,265,265,265,265,265,265,265,265,265,265,265,265,265,265,265,265,265,265,265,265,265,265,265,265,265,265,265,265,265,265,265,265,265,265,265,265,265,265,265,265,265,265,265,265,265,265,265,265,265,265,265,265,265,265,265,265,265,265,265,265,265,265,265,265,265,265,265,265,265,265,265,265,265,265,265,265,265,265,265,265,265,265,265,265,265,265,265,265,265,265,265,265,265,265,265,265,265,265,265,265,265,265,265,265,265,265,265,265,265,265,265,265,265,265,265,265,265,265,265,265,265,265,265,265,265,265,265,265,265,265,265,265,265,265,265,265,265,265,265,265,265,265,265,265,265,265,265,265,265,265,265,265,265,265,265,265,265,265,265,265,265,265,265,265,265,265,265,265,265,265,265,265,265,265,265,265,265,265,265,265,265,265,265,265,265,265,265,265,265,265,265,265,265,265,265,265,265,265,265,265,265,265,265,265,265,265,265,265,265,265,2019-09-07,2019-09-06,2019-09-05
**Walk to Everything****Beautiful City Views***Shedd Aquarium***Millennium Park*,https://www.homeaway.com/vacation-rental/p1445202vb?noDates=true&petIncluded=0,285,285,285,285,285,285,345,345,345,345,345,345,335,320,320,320,320,320,320,320,320,320,320,320,320,320,320,320,320,320,320,320,320,320,320,320,325,325,325,325,550,325,325,325,325,325,325,475,475,425,425,425,425,425,425,450,450,335,335,335,375,550,550,550,385,385,385,385,385,550,385,385,385,385,385,385,385,425,425,425,425,425,550,550,410,410,410,410,410,550,550,450,320,320,320,320,320,320,320,320,320,385,385,385,385,385,385,385,385,385,385,385,385,385,385,385,385,380,380,380,380,380,380,380,380,380,380,380,380,380,380,350,350,350,380,380,380,380,380,380,380,380,380,380,385,385,385,385,385,385,385,385,385,320,320,320,320,320,320,320,320,320,320,320,320,320,320,320,320,320,320,320,320,320,320,320,320,320,320,320,320,320,320,320,320,320,320,320,320,320,320,320,320,320,320,320,320,320,320,320,320,320,320,320,320,320,320,320,320,320,320,320,320,320,320,320,320,320,320,320,320,320,320,320,320,320,320,320,320,320,320,320,320,320,320,320,320,320,320,320,320,320,320,320,320,320,320,320,320,320,320,320,320,320,320,320,320,320,320,320,320,320,320,320,320,320,320,320,320,320,320,320,320,320,320,320,320,320,320,320,320,320,320,320,320,320,320,320,320,320,320,320,320,320,320,320,320,320,320,320,320,320,320,320,320,320,320,320,320,320,320,320,320,320,320,320,320,320,320,320,320,320,320,320,320,320,320,320,320,320,320,320,320,320,320,320,320,320,320,320,320,320,320,320,320,320,320,320,320,320,320,320,320,320,320,320,320,320,320,320,320,320,320,320,320,2019-09-07,2019-09-06,2019-08-16
"**Walk to Everything* Heart of Chi-Town!* Mag Mile, Museums, Navy Pier, Parks **",https://www.homeaway.com/vacation-rental/p1447024vb?noDates=true&petIncluded=0,285,285,285,285,285,285,285,379,392,393,393,335,335,335,335,335,335,335,335,335,335,335,335,335,335,335,335,335,335,335,335,335,335,335,335,335,335,358,335,348,335,335,335,353,335,335,335,335,335,335,335,335,335,345,345,345,345,345,345,345,355,395,395,395,395,395,395,395,395,395,395,395,395,395,395,395,395,395,395,395,395,395,395,395,395,395,385,385,385,385,385,385,335,335,335,335,335,335,335,335,335,385,385,385,385,385,385,385,385,385,385,385,385,385,385,385,385,385,385,385,385,385,385,385,385,385,385,385,385,385,385,385,385,385,385,385,385,385,385,385,385,385,385,385,395,395,395,395,395,395,395,395,395,335,335,335,335,335,335,335,335,335,335,335,335,335,335,335,335,335,335,335,335,335,335,335,335,335,335,335,335,335,335,335,335,335,335,335,335,335,335,335,335,335,335,335,335,335,335,335,335,335,335,335,335,335,335,335,335,335,335,335,335,335,335,335,335,335,335,335,335,335,335,335,335,335,335,335,335,335,335,335,335,335,335,335,335,335,335,335,335,335,335,335,335,335,335,335,335,335,335,335,335,335,335,335,335,335,335,335,335,335,335,335,335,335,335,335,335,335,335,335,335,335,335,335,335,335,335,335,335,335,335,335,335,335,335,335,335,335,335,335,335,335,335,335,335,335,335,335,335,335,335,335,335,335,335,335,335,335,335,335,335,335,335,335,335,335,335,335,335,335,335,335,335,335,335,335,335,335,335,335,335,335,335,335,335,335,335,335,335,335,335,335,335,335,335,335,335,335,335,335,335,335,335,335,335,335,335,335,335,335,335,335,335,2019-09-08,2019-09-07,2019-09-06
 * Walk To Everything * Downtown * Great 2bd/2ba Family Condo,https://www.homeaway.com/vacation-rental/p1454098vb?noDates=true&petIncluded=0,200,200,200,200,200,265,265,265,265,265,265,265,275,275,275,275,275,275,275,275,275,275,275,275,275,275,275,275,275,275,275,275,275,275,275,275,265,265,265,265,265,265,265,265,265,265,265,265,265,265,265,265,265,285,285,285,285,285,285,285,315,315,315,315,315,315,315,315,315,315,315,315,315,315,315,315,315,315,315,315,315,315,315,315,315,315,300,300,300,300,300,300,300,300,300,300,300,300,300,300,300,300,300,300,300,300,300,300,300,300,300,300,300,300,300,300,300,315,315,315,315,315,315,315,315,315,315,315,315,315,315,315,315,315,315,315,315,315,315,315,315,315,315,315,315,315,315,315,315,315,315,315,315,275,275,275,275,275,275,275,275,275,275,275,275,275,275,275,275,275,275,275,275,275,275,275,275,275,275,275,275,275,275,275,275,275,275,275,275,275,275,275,275,275,275,275,275,275,275,275,275,275,275,275,275,275,275,275,275,275,275,275,275,275,275,275,275,275,275,275,275,275,275,275,275,275,275,275,275,275,275,275,275,275,275,275,275,275,275,275,275,275,275,275,275,275,275,275,275,275,275,275,275,275,275,275,275,275,275,275,275,275,275,275,275,275,275,275,275,275,275,275,275,275,275,275,275,275,275,275,275,275,275,275,275,275,275,275,275,275,275,275,275,275,275,275,275,275,275,275,275,275,275,275,275,275,275,275,275,275,275,275,275,275,275,275,275,275,275,275,275,275,275,275,275,275,275,275,275,275,275,275,275,275,275,275,275,275,275,275,275,275,275,275,275,275,275,275,275,275,275,275,275,275,275,275,275,275,275,275,275,275,275,275,275,2019-09-07,2019-09-06,2019-09-05
**Location* Location* Location * Spacious 3 bedroom Condo * Walk to Everything *,https://www.homeaway.com/vacation-rental/p1454925vb?noDates=true&petIncluded=0,285,285,285,285,285,285,335,335,335,335,335,335,315,315,315,315,315,315,315,315,315,315,315,315,315,315,315,315,315,315,315,315,315,315,315,315,315,315,315,315,315,315,315,315,315,315,315,315,315,315,315,315,315,335,335,335,335,335,335,335,375,375,375,375,375,375,375,375,375,375,375,375,375,375,375,375,375,375,375,375,375,375,375,375,375,375,380,380,380,380,380,380,380,380,380,380,380,380,380,380,380,380,380,380,380,380,380,380,380,380,380,380,380,380,380,380,380,380,380,380,380,380,380,380,380,380,380,380,380,380,380,380,380,380,380,380,380,380,380,380,380,380,380,380,390,390,390,390,390,390,390,390,390,315,315,315,315,315,315,315,315,315,315,315,315,315,315,315,315,315,315,315,315,315,315,315,315,315,315,315,315,315,315,315,315,315,315,315,315,315,315,315,315,315,315,315,315,315,315,315,315,315,315,315,315,315,315,315,315,315,315,315,315,315,315,315,315,315,315,315,315,315,315,315,315,315,315,315,315,315,315,315,315,315,315,315,315,315,315,315,315,315,315,315,315,315,315,315,315,315,315,315,315,315,315,315,315,315,315,315,315,315,315,315,315,315,315,315,315,315,315,315,315,315,315,315,315,315,315,315,315,315,315,315,315,315,315,315,315,315,315,315,315,315,315,315,315,315,315,315,315,315,315,315,315,315,315,315,315,315,315,315,315,315,315,315,315,315,315,315,315,315,315,315,315,315,315,315,315,315,315,315,315,315,315,315,315,315,315,315,315,315,315,315,315,315,315,315,315,315,315,315,315,315,315,315,315,315,315,315,315,315,315,315,315,2019-11-30,2019-11-29,2019-11-28
You can't beat this South Loop location,https://www.homeaway.com/vacation-rental/p7491602?noDates=true&petIncluded=0,114,125,153,129,300,303,275,166,250,251,250,325,350,325,280,200,200,200,240,256,320,300,201,201,301,475,490,490,424,392,371,285,300,375,375,300,270,270,270,350,400,400,325,280,280,280,309,333,333,309,266,266,266,309,333,333,309,266,266,266,350,350,350,293,293,293,293,350,360,360,360,300,300,280,325,346,346,325,280,280,280,325,360,360,335,280,280,280,325,350,350,325,280,280,280,625,700,700,669,309,280,280,325,389,426,501,381,381,280,410,410,410,410,220,220,220,250,280,280,250,200,200,200,250,280,325,325,325,325,325,280,230,230,200,180,180,180,225,250,299,299,250,190,190,220,250,250,215,220,220,231,261,230,199,179,159,159,159,159,179,179,159,159,159,159,160,160,183,161,129,129,129,149,249,249,369,369,369,149,129,129,129,109,99,99,99,109,129,129,109,99,99,99,109,129,129,109,99,99,99,109,129,129,109,99,99,99,109,129,129,109,149,149,149,169,179,179,169,149,149,149,799,799,799,799,149,149,149,169,179,179,169,149,149,149,169,179,179,179,155,155,155,180,210,210,180,155,155,155,299,299,299,299,175,175,175,205,235,235,205,175,175,175,205,220,220,205,155,155,155,180,250,250,190,170,170,170,180,205,205,175,155,155,155,185,205,220,220,180,180,180,190,210,210,210,200,235,235,235,270,270,250,209,201,201,271,270,270,240,170,170,170,280,320,320,280,200,200,200,260,290,290,260,170,170,170,230,253,253,230,999,999,999,999,999,999,999,999,999,999,999,999,999,999,999,999,999,999,999,999,999,999,999,999,999,999,999,999,999,999,999,999,999,999,999,2020-06-03,2020-06-02,2020-06-01
"Modern Condo, close to everything!",https://www.homeaway.com/vacation-rental/p949708vb?noDates=true&petIncluded=0,425,275,275,275,300,425,425,425,275,275,275,300,425,425,425,275,275,275,300,425,425,425,275,275,625,625,625,625,625,625,275,275,300,425,425,425,275,275,275,300,425,425,425,275,275,275,300,425,425,425,275,275,275,300,425,425,425,275,275,275,300,425,425,425,275,275,275,300,425,425,425,275,275,275,300,425,425,425,275,275,275,300,425,425,425,275,275,275,300,425,425,425,275,275,275,625,625,625,625,625,275,275,300,425,425,425,275,275,275,300,425,425,425,275,275,275,300,425,425,425,275,275,275,300,425,425,425,275,275,275,300,425,425,425,275,275,275,300,425,425,425,275,275,275,300,425,425,425,275,275,275,300,425,425,425,275,275,275,300,425,425,425,275,275,275,300,425,425,425,275,275,275,300,425,425,425,275,275,275,300,425,425,425,275,275,275,300,425,425,425,275,275,275,300,425,425,425,275,275,275,300,425,425,425,275,275,275,300,425,425,425,275,275,275,300,425,425,425,275,275,275,300,425,425,425,275,275,275,300,425,425,425,275,275,275,300,425,425,425,275,275,275,300,425,425,425,275,275,275,300,425,425,425,275,275,275,300,425,425,425,275,275,275,300,425,425,425,275,275,275,300,425,425,425,275,275,275,300,425,425,425,275,275,275,300,425,425,425,275,275,275,300,425,425,425,275,275,275,300,425,425,425,275,275,275,300,425,425,425,275,275,275,300,425,425,425,275,275,275,300,425,425,425,275,275,275,300,425,425,425,275,275,275,300,425,425,425,275,275,275,300,425,425,425,275,275,275,300,425,425,425,275,275,275,300,425,425,425,275,275,275,300,425,425,425,2019-08-02,2019-08-01,2019-07-31
Bright 1BR in the South Loop by Sonder,https://www.homeaway.com/vacation-rental/p4311248?noDates=true&petIncluded=0,103,98,103,105,134,208,191,160,134,129,131,166,213,222,157,144,144,141,136,159,185,144,139,136,246,341,389,389,284,202,194,198,175,232,246,174,156,160,179,207,251,247,168,148,146,154,162,205,218,154,144,135,137,146,212,247,207,139,122,144,182,261,266,210,215,222,222,236,280,274,204,161,138,138,157,202,219,160,137,142,152,165,203,219,152,136,151,153,185,221,230,164,193,173,171,203,413,460,362,191,219,210,225,293,294,202,178,170,154,160,211,221,135,127,128,120,154,198,207,153,145,152,164,165,205,204,131,114,114,112,120,146,162,113,106,112,126,133,155,150,115,105,104,106,150,197,248,172,164,162,161,170,182,128,75,74,76,74,83,97,109,83,83,87,88,89,91,96,92,95,97,101,111,174,211,241,145,110,100,100,110,110,79,79,79,86,90,117,125,97,79,80,78,83,110,122,92,95,91,83,89,104,106,74,71,68,79,78,99,99,67,62,62,63,67,90,99,73,71,72,81,89,129,142,99,78,74,78,88,120,128,85,79,76,86,91,120,133,96,90,88,95,113,163,184,133,118,122,146,184,306,324,174,138,129,133,153,192,210,163,161,171,173,192,217,210,147,132,142,159,184,227,235,150,144,148,157,191,278,298,213,198,194,182,201,251,255,175,154,151,169,210,287,307,217,184,179,187,215,267,317,260,301,317,297,279,299,302,224,222,236,243,282,392,430,335,332,302,271,272,339,378,310,223,205,225,321,484,490,378,355,314,311,352,451,486,402,377,357,305,290,341,372,320,343,353,317,328,399,409,354,320,328,291,284,357,369,249,225,236,256,272,336,350,264,2020-05-30,2020-06-06,2020-05-29
Colorful 1BR in the South Loop by Sonder,https://www.homeaway.com/vacation-rental/p4311228?noDates=true&petIncluded=0,95,91,103,105,134,208,191,160,134,129,131,166,213,222,157,144,144,141,136,159,185,144,139,144,246,341,389,389,284,202,194,198,175,232,246,174,156,160,179,207,251,247,168,148,146,154,162,205,218,154,144,135,137,146,212,247,207,139,122,144,182,261,266,210,215,222,222,236,280,274,204,161,138,138,157,202,219,160,137,142,152,165,203,219,152,136,151,153,185,221,230,164,193,173,171,203,375,417,330,191,219,210,225,265,266,184,162,154,154,160,192,201,135,127,128,120,154,198,207,153,145,152,164,165,205,204,131,114,114,112,120,146,162,113,106,112,126,133,155,150,115,105,104,106,150,197,147,101,97,96,90,96,170,128,75,74,76,74,83,97,109,83,83,87,88,89,91,96,92,95,97,101,111,174,211,241,145,110,100,100,110,110,79,79,79,86,90,117,125,97,79,80,78,83,110,122,92,95,91,83,89,104,106,74,71,68,79,78,99,99,67,62,62,63,67,90,99,73,71,72,81,89,129,142,99,78,74,78,88,120,128,85,79,76,86,91,120,133,96,90,88,95,113,163,184,133,118,122,146,184,306,324,174,138,129,133,153,192,210,163,161,171,173,192,217,210,147,132,142,159,184,227,235,150,144,148,157,191,278,298,213,198,194,182,201,251,255,175,154,151,169,210,287,307,217,184,179,187,215,267,317,260,301,317,297,279,299,302,224,222,236,243,282,392,430,335,332,302,271,272,339,378,310,223,205,225,321,484,490,378,355,314,311,352,451,486,402,377,357,305,290,341,372,320,343,353,317,328,399,409,354,320,328,291,284,357,369,249,225,236,256,272,336,350,264,2020-05-30,2020-06-06,2020-05-29
Delightful 1BR in South Loop by Sonder,https://www.homeaway.com/vacation-rental/p4311574?noDates=true&petIncluded=0,124,118,124,126,153,220,235,168,134,129,131,166,213,222,157,144,144,141,136,159,185,144,139,136,246,341,389,389,284,202,194,198,175,232,246,174,156,160,179,207,251,247,168,148,146,154,162,205,218,154,144,135,137,146,212,247,207,139,122,144,182,261,266,210,215,222,222,236,280,274,204,161,138,138,157,202,219,160,137,142,161,173,213,219,152,136,151,153,185,221,230,164,193,173,171,203,413,460,362,191,219,210,225,265,266,184,162,154,154,160,211,221,135,127,128,120,154,198,207,153,145,152,164,165,205,204,131,114,114,112,120,146,162,113,106,112,126,133,155,150,115,105,104,106,150,197,127,88,83,82,78,82,170,128,75,74,76,74,83,97,109,83,83,87,88,89,91,96,92,95,97,101,111,174,211,241,145,110,100,100,110,110,79,79,79,86,90,117,125,97,79,80,78,83,110,122,92,95,91,83,89,104,106,74,71,68,79,78,99,99,67,62,62,63,67,90,99,73,71,72,81,89,129,142,99,78,74,78,88,120,128,85,79,76,86,91,120,133,96,90,88,95,113,163,184,133,118,122,146,184,306,324,174,138,129,133,153,192,210,163,161,171,173,192,217,210,147,132,142,159,184,227,235,150,144,148,157,191,278,298,213,198,194,182,201,251,255,175,154,151,169,210,287,307,217,184,179,187,215,267,317,260,301,317,297,279,299,302,224,222,236,243,282,392,430,335,332,302,271,272,339,378,310,223,205,225,321,484,490,378,355,314,311,352,451,486,402,377,357,305,290,341,372,320,343,353,317,328,399,409,354,320,328,291,284,357,369,249,225,236,256,272,336,350,264,2020-05-30,2020-06-06,2020-05-29
Intimate Studio in the South Loop by Sonder,https://www.homeaway.com/vacation-rental/p4311570?noDates=true&petIncluded=0,125,120,125,126,155,210,182,151,129,125,126,159,205,213,151,137,136,134,131,151,176,139,133,131,222,307,369,350,257,182,175,189,162,215,226,160,143,148,165,190,232,227,154,136,134,139,146,186,195,141,129,122,123,130,190,223,186,126,110,135,172,248,240,190,192,201,200,212,253,247,185,144,125,126,141,183,197,145,124,128,138,149,182,197,138,124,135,138,167,200,208,148,174,156,154,183,338,376,297,171,197,190,203,240,241,166,145,138,138,144,190,199,123,113,114,109,139,179,187,138,130,138,146,148,185,184,118,103,103,101,109,132,145,101,95,101,113,120,141,134,104,94,94,95,136,179,209,148,133,115,69,73,92,108,68,67,68,67,74,88,98,75,75,77,79,81,83,88,83,87,88,91,100,163,198,225,135,104,94,94,104,103,74,74,75,80,85,110,116,91,74,75,73,78,103,114,87,89,86,78,83,96,99,69,67,63,74,74,93,93,62,58,58,59,62,85,93,68,67,67,76,82,120,133,93,73,69,73,82,113,119,79,74,72,80,86,113,125,91,83,82,90,106,152,172,125,111,114,136,172,287,303,163,129,120,125,143,181,198,152,150,161,162,180,203,197,137,124,133,148,172,212,219,141,134,138,148,179,260,279,200,185,183,170,188,236,238,164,144,142,159,197,268,287,203,172,167,175,201,250,297,243,282,296,278,261,280,283,210,207,221,228,264,367,403,313,311,283,254,254,318,355,290,208,191,210,301,452,460,354,333,294,291,330,422,454,375,353,335,285,272,319,348,300,321,331,296,306,373,383,331,299,306,273,266,334,346,234,211,221,240,255,315,328,247,2020-05-30,2020-06-06,2020-05-29
Airy Studio in South Loop by Sonder,https://www.homeaway.com/vacation-rental/p4311563?noDates=true&petIncluded=0,91,95,98,100,129,211,224,168,136,131,133,167,206,213,151,137,137,134,137,161,178,139,133,131,232,309,352,351,257,182,175,180,162,215,226,161,143,148,165,190,232,227,155,137,134,141,147,186,195,142,129,122,124,131,191,223,187,127,111,130,165,237,241,190,193,201,201,212,254,248,185,144,126,126,141,183,197,145,130,134,146,150,183,198,138,125,135,138,168,201,209,149,174,157,154,183,339,378,298,172,198,191,204,241,241,166,145,139,139,145,192,199,123,113,114,109,139,179,187,138,131,138,147,149,185,185,118,104,103,101,110,133,145,101,95,101,113,122,141,134,105,95,94,95,136,179,211,148,137,133,105,73,92,96,68,67,68,67,74,88,99,75,75,78,79,81,83,88,85,87,88,92,100,163,198,225,135,104,94,94,104,103,74,74,75,80,85,110,116,91,74,75,73,78,103,114,87,89,86,78,83,96,99,69,67,63,74,74,93,93,62,58,58,59,62,85,93,68,67,67,76,82,120,133,93,73,69,73,82,113,119,79,74,72,80,86,113,125,91,83,82,90,106,152,172,125,111,114,136,172,287,303,163,129,120,125,143,181,198,152,150,161,162,180,203,197,137,124,133,148,172,212,219,141,134,138,148,179,260,279,200,185,183,170,188,236,238,164,144,142,159,197,268,287,203,172,167,175,201,250,297,243,282,296,278,261,280,283,210,207,221,228,264,367,403,313,311,283,254,254,318,355,290,208,191,210,301,452,460,354,333,294,291,330,422,454,375,353,335,285,272,319,348,300,321,331,296,306,373,383,331,299,306,273,266,334,346,234,211,221,240,255,315,328,247,2020-05-30,2020-06-06,2020-05-29
Chic 1BR in South Loop by Sonder,https://www.homeaway.com/vacation-rental/p4314311?noDates=true&petIncluded=0,95,91,103,105,153,220,191,160,134,129,131,166,213,222,157,144,144,141,136,159,185,144,139,136,257,363,413,413,302,202,194,198,175,232,246,174,156,160,179,207,251,247,168,148,146,154,162,205,218,154,144,135,137,146,212,247,207,139,122,144,182,261,266,210,215,222,222,236,280,274,204,161,138,138,157,202,219,160,137,142,152,165,203,219,152,136,151,153,185,221,230,164,193,173,171,203,413,460,362,191,219,210,225,293,294,202,178,170,154,160,192,201,135,127,128,120,154,198,207,153,145,152,164,165,205,204,131,114,114,112,120,146,162,113,106,112,126,133,155,150,115,105,104,106,150,131,127,88,83,82,78,82,103,119,75,74,76,74,83,97,109,83,83,87,88,89,91,96,92,95,97,101,111,174,211,241,145,110,100,100,110,110,79,79,79,86,90,117,125,97,79,80,78,83,110,122,92,95,91,83,89,104,106,74,71,68,79,78,99,99,67,62,62,63,67,90,99,73,71,72,81,89,129,142,99,78,74,78,88,120,128,85,79,76,86,91,120,133,96,90,88,95,113,163,184,133,118,122,146,184,306,324,174,138,129,133,153,192,210,163,161,171,173,192,217,210,147,132,142,159,184,227,235,150,144,148,157,191,278,298,213,198,194,182,201,251,255,175,154,151,169,210,287,307,217,184,179,187,215,267,317,260,301,317,297,279,299,302,224,222,236,243,282,392,430,335,332,302,271,272,339,378,310,223,205,225,321,484,490,378,355,314,311,352,451,486,402,377,357,305,290,341,372,320,343,353,317,328,399,409,354,320,328,291,284,357,369,249,225,236,256,272,336,350,264,2020-05-30,2020-06-06,2020-05-29
Modern McCormick 2BDR- Walk To Train&Grant Park!,https://www.homeaway.com/vacation-rental/p7634349?noDates=true&petIncluded=0,118,133,162,185,234,303,285,229,217,223,221,273,382,396,245,207,216,200,230,296,304,193,182,230,279,385,479,537,387,213,232,283,343,453,468,245,233,234,234,308,364,409,285,233,259,256,279,350,372,246,233,248,231,290,360,394,290,263,260,263,320,348,371,288,276,306,271,293,367,449,325,317,312,253,292,337,378,281,273,288,257,293,348,369,254,239,244,226,266,314,332,232,229,257,238,405,678,774,538,319,298,233,275,425,514,377,355,366,246,255,300,341,256,233,238,211,239,283,308,227,226,242,213,240,285,336,274,279,295,276,282,288,305,227,222,243,219,252,281,310,230,281,297,275,312,367,429,256,260,272,256,300,316,317,232,227,243,223,260,290,317,240,231,252,229,277,320,381,281,306,426,393,334,392,424,367,387,774,266,275,304,301,211,207,215,198,223,255,271,219,209,216,200,221,246,262,201,195,204,194,224,253,268,202,206,215,200,228,255,265,199,198,207,193,218,249,265,202,201,229,227,351,464,477,332,237,231,211,235,266,282,204,205,209,195,221,251,290,465,252,270,239,261,301,327,249,251,271,246,363,441,473,365,365,384,339,384,430,460,350,304,321,287,311,358,391,298,289,301,233,257,300,320,241,250,261,242,257,292,303,231,253,264,245,278,303,318,239,296,310,294,301,339,359,232,239,249,250,295,306,338,256,248,255,233,273,305,326,249,253,273,248,283,322,344,260,263,278,256,290,330,349,265,270,283,295,447,556,593,395,384,288,259,281,330,365,275,272,281,273,317,363,384,289,282,293,284,312,363,384,292,282,344,297,336,365,386,289,282,287,262,297,640,579,284,2019-12-31,2019-10-12,2019-10-11
Wow!**Walk to Everything** Stunning 2 bedroom** In the Heart of Downtown!*,https://www.homeaway.com/vacation-rental/p1587522vb?noDates=true&petIncluded=0,190,190,190,190,190,190,235,235,235,235,235,235,270,270,270,270,270,270,270,270,270,270,270,270,270,270,270,270,270,270,270,270,270,270,270,270,255,255,255,255,255,255,255,255,255,255,255,255,255,255,255,255,270,270,270,270,270,270,270,270,270,270,270,285,285,285,285,285,285,285,285,285,285,285,285,285,285,285,285,285,285,285,285,285,285,285,285,285,285,285,285,285,285,285,285,285,285,285,285,285,285,285,285,285,285,285,285,285,285,285,285,285,285,285,285,285,285,295,295,295,295,295,295,295,295,295,295,295,295,295,295,295,295,295,295,295,295,295,295,295,295,295,295,295,295,295,295,295,295,295,295,295,295,295,270,270,270,270,270,270,270,270,270,270,270,270,270,270,270,270,270,270,270,270,270,270,270,270,270,270,270,270,270,270,270,270,270,270,270,270,270,270,270,270,270,270,270,270,270,270,270,270,270,270,270,270,270,270,270,270,270,270,270,270,270,270,270,270,270,270,270,270,270,270,270,270,270,270,270,270,270,270,270,270,270,270,270,270,270,270,270,270,270,270,270,270,270,270,270,270,270,270,270,270,270,270,270,270,270,270,270,270,270,270,270,270,270,270,270,270,270,270,270,270,270,270,270,270,270,270,270,270,270,270,270,270,270,270,270,270,270,270,270,270,270,270,270,270,270,270,270,270,270,270,270,270,270,270,270,270,270,270,270,270,270,270,270,270,270,270,270,270,270,270,270,270,270,270,270,270,270,270,270,270,270,270,270,270,270,270,270,270,270,270,270,270,270,270,270,270,270,270,270,270,270,270,270,270,270,270,270,270,270,270,270,2019-11-03,2019-11-02,2019-11-01
South Loop Luxury Suite No.1          ,https://www.homeaway.com/vacation-rental/p1460233vb?noDates=true&petIncluded=0,81,99,97,114,168,192,197,159,155,151,157,181,200,212,167,163,159,165,197,215,220,175,170,167,243,348,366,371,193,189,185,192,262,280,286,193,189,185,192,215,234,238,193,189,185,192,215,234,238,193,189,185,192,215,234,254,193,189,185,192,215,234,238,193,212,209,215,215,234,293,247,243,185,192,215,234,238,193,212,209,215,215,234,238,193,189,185,192,215,234,238,193,189,185,286,418,577,582,537,345,341,192,215,390,394,349,345,341,192,215,234,238,193,189,185,192,215,163,167,122,118,114,120,144,163,167,200,195,192,198,144,163,167,122,118,114,120,144,163,167,122,118,114,214,237,255,260,193,119,115,122,122,140,145,99,95,92,98,122,140,145,99,95,92,98,122,140,145,99,189,185,192,215,234,238,193,329,325,328,118,136,140,95,90,87,94,118,136,140,95,90,87,94,118,136,140,95,90,87,94,118,136,140,95,90,87,94,118,136,140,95,90,87,94,118,136,140,95,90,87,94,140,159,164,119,90,87,94,118,136,140,95,90,87,94,118,136,140,114,110,106,112,136,155,159,114,110,106,112,136,155,159,114,110,106,112,136,155,159,114,110,106,112,136,155,159,114,110,106,128,151,170,175,130,124,122,128,151,170,175,130,124,122,128,151,170,175,130,124,122,128,151,170,175,130,124,122,128,151,225,229,184,180,176,182,206,225,229,184,180,176,182,206,225,229,184,180,176,182,206,225,229,184,180,176,182,206,225,229,184,160,157,164,188,206,210,165,160,157,164,188,206,210,165,160,157,164,188,206,210,165,160,157,164,188,206,210,165,160,157,173,197,215,220,175,2019-10-12,2019-10-11,2019-10-13
South Loop Luxury Suite No.3 by Zencity,https://www.homeaway.com/vacation-rental/p1464738vb?noDates=true&petIncluded=0,47,75,71,102,157,186,191,150,146,150,157,181,199,205,158,162,158,165,189,207,220,174,170,166,244,349,368,373,193,189,185,191,262,281,286,193,189,185,191,215,234,238,193,189,185,191,215,234,238,193,189,185,191,215,234,254,197,191,189,194,218,237,242,197,215,212,218,218,237,297,252,246,189,194,218,237,242,197,215,212,218,218,237,242,197,191,189,194,218,237,242,197,191,189,289,424,585,590,545,349,347,194,218,396,400,355,349,347,194,218,237,242,197,191,189,194,218,165,170,123,119,115,122,146,165,170,202,198,194,201,146,165,170,123,119,115,122,146,165,170,123,119,115,217,241,260,264,197,120,118,123,123,142,147,102,96,94,99,123,142,147,102,96,94,99,123,142,147,102,191,189,194,218,237,242,197,333,331,332,119,138,142,96,92,88,95,119,138,142,96,92,88,95,119,138,142,96,92,88,95,119,138,142,96,92,88,95,119,138,142,96,92,88,95,119,138,142,96,92,88,95,142,162,166,120,92,88,95,119,138,142,96,92,88,95,119,138,142,115,111,107,114,138,157,162,115,111,107,114,138,157,162,115,111,107,114,138,157,162,115,111,107,114,138,157,162,115,111,107,130,154,173,177,131,127,123,130,154,173,177,131,127,123,130,154,173,177,131,127,123,130,154,173,177,131,127,123,130,154,228,233,186,182,179,185,209,228,233,186,182,179,185,209,228,233,186,182,179,185,209,228,233,186,182,179,185,209,228,233,186,163,159,166,190,209,214,167,163,159,166,190,209,214,167,163,159,166,190,209,214,167,163,159,166,190,209,214,167,163,159,173,197,215,220,174,2019-10-12,2019-10-11,2019-10-13
2BR South Loop Luxury Suite No.1 by Zencity,https://www.homeaway.com/vacation-rental/p1476084vb?noDates=true&petIncluded=0,51,80,77,110,168,201,207,162,157,162,168,194,215,220,171,174,171,177,203,224,237,188,183,180,263,377,398,402,208,203,200,207,284,304,308,208,203,200,207,232,252,258,208,203,200,207,232,252,258,208,203,200,207,232,252,275,211,207,203,210,235,257,261,211,232,228,235,235,257,321,271,267,203,210,235,257,261,211,232,228,235,235,257,261,211,207,203,210,235,257,261,211,207,203,312,458,632,636,586,377,374,210,235,427,432,382,377,374,210,235,257,261,211,207,203,210,235,177,183,133,128,124,131,157,177,183,218,214,210,217,157,177,183,133,128,124,131,157,177,183,133,128,124,234,260,280,285,211,130,127,133,133,154,158,110,104,101,107,133,154,158,110,104,101,107,133,154,158,110,207,203,210,235,257,261,211,360,357,358,128,148,154,104,99,96,103,128,148,154,104,99,96,103,128,148,154,104,99,96,103,128,148,154,104,99,96,103,128,148,154,104,99,96,103,128,148,154,104,99,96,103,154,174,180,130,99,96,103,128,148,154,104,99,96,103,128,148,154,124,120,116,123,148,168,174,124,120,116,123,148,168,174,124,120,116,123,148,168,174,124,120,116,123,148,168,174,124,120,116,140,165,186,191,141,137,133,140,165,186,191,141,137,133,140,165,186,191,141,137,133,140,165,186,191,141,137,133,140,165,245,251,201,197,193,200,225,245,251,201,197,193,200,225,245,251,201,197,193,200,225,245,251,201,197,193,200,225,245,251,201,176,173,180,205,225,231,181,176,173,180,205,225,231,181,176,173,180,205,225,231,181,176,173,180,205,225,231,181,176,173,186,211,232,237,188,2019-10-12,2019-10-11,2019-10-13
South Loop Luxury Suite No.5 by Zencity,https://www.homeaway.com/vacation-rental/p1499319vb?noDates=true&petIncluded=0,45,71,68,96,149,177,182,142,138,142,149,172,190,194,150,154,150,156,179,197,209,165,160,158,232,332,350,355,183,179,176,182,250,268,272,183,179,176,182,205,223,227,183,179,176,182,205,223,227,183,179,176,182,205,223,242,186,182,179,185,208,226,229,186,205,201,208,208,226,283,238,234,179,185,208,226,229,186,205,201,208,208,226,229,186,182,179,185,208,226,229,186,182,179,275,402,556,560,518,332,329,185,208,376,380,337,332,329,185,208,226,229,186,182,179,185,208,156,160,118,113,110,115,138,156,160,192,188,185,191,138,156,160,118,113,110,115,138,156,160,118,113,110,206,228,246,251,186,114,111,118,118,136,140,96,92,88,95,118,136,140,96,92,88,95,118,136,140,96,182,179,185,208,226,229,186,318,314,315,113,131,136,92,87,84,90,113,131,136,92,87,84,90,113,131,136,92,87,84,90,113,131,136,92,87,84,90,113,131,136,92,87,84,90,113,131,136,92,87,84,90,136,154,158,114,87,84,90,113,131,136,92,87,84,90,113,131,136,110,105,102,108,131,149,154,110,105,102,108,131,149,154,110,105,102,108,131,149,154,110,105,102,108,131,149,154,110,105,102,123,146,164,168,124,120,118,123,146,164,168,124,120,118,123,146,164,168,124,120,118,123,146,164,168,124,120,118,123,146,217,221,177,173,170,176,199,217,221,177,173,170,176,199,217,221,177,173,170,176,199,217,221,177,173,170,176,199,217,221,177,155,151,158,181,199,203,159,155,151,158,181,199,203,159,155,151,158,181,199,203,159,155,151,158,181,199,203,159,155,151,164,186,205,209,165,2019-10-12,2019-10-11,2019-10-13
South Loop Luxury Suite No.8,https://www.homeaway.com/vacation-rental/p1607772vb?noDates=true&petIncluded=0,46,71,69,97,151,180,184,145,140,145,151,174,192,197,153,156,153,158,182,200,212,168,163,160,235,337,356,360,186,182,179,184,253,271,276,186,182,179,184,208,226,231,186,182,179,184,208,226,231,186,182,179,184,208,226,245,189,184,182,188,210,229,234,189,208,205,210,210,229,287,243,238,182,188,210,229,234,189,208,205,210,210,229,234,189,184,182,188,210,229,234,189,184,182,279,409,565,570,524,337,334,188,210,382,386,341,337,334,188,210,229,234,189,184,182,188,210,158,163,119,114,112,118,140,158,163,195,191,188,193,140,158,163,119,114,112,118,140,158,163,119,114,112,209,232,250,254,189,116,113,119,119,138,142,97,93,90,96,119,138,142,97,93,90,96,119,138,142,97,184,182,188,210,229,234,189,322,319,321,114,132,138,93,88,86,92,114,132,138,93,88,86,92,114,132,138,93,88,86,92,114,132,138,93,88,86,92,114,132,138,93,88,86,92,114,132,138,93,88,86,92,138,156,160,116,88,86,92,114,132,138,93,88,86,92,114,132,138,112,107,104,110,132,151,156,112,107,104,110,132,151,156,112,107,104,110,132,151,156,112,107,104,110,132,151,156,112,107,104,125,148,166,171,127,122,119,125,148,166,171,127,122,119,125,148,166,171,127,122,119,125,148,166,171,127,122,119,125,148,219,224,180,175,173,179,201,219,224,180,175,173,179,201,219,224,180,175,173,179,201,219,224,180,175,173,179,201,219,224,180,157,154,160,183,201,206,162,157,154,160,183,201,206,162,157,154,160,183,201,206,162,157,154,160,183,201,206,162,157,154,166,189,208,212,168,2019-10-12,2019-10-11,2019-10-13
Spacious 3BR Apt near McCormick Place by Domio,https://www.homeaway.com/vacation-rental/p7506937?noDates=true&petIncluded=0,221,211,222,250,260,327,331,287,257,255,258,293,525,534,313,278,286,271,321,411,417,263,241,283,355,689,859,885,429,330,348,432,491,702,680,367,347,309,313,336,464,473,346,311,330,348,362,491,504,320,301,312,294,303,472,475,365,267,340,337,359,457,461,389,368,387,359,356,508,597,448,408,399,330,335,460,487,375,372,387,338,361,471,457,343,321,325,303,315,408,408,305,295,335,320,545,901,951,783,578,379,306,402,645,786,667,643,659,403,354,414,431,340,315,317,282,294,389,397,308,306,317,287,300,397,484,458,466,489,453,426,403,397,308,303,314,291,303,396,408,318,313,322,300,314,423,447,485,488,504,475,512,566,377,314,311,324,300,313,373,378,329,324,343,328,365,424,460,365,340,353,322,336,593,599,517,624,700,340,336,386,367,291,285,296,271,283,324,327,275,284,291,270,270,314,316,270,272,282,261,273,316,319,272,274,285,264,275,315,321,274,281,291,270,282,320,327,279,287,327,330,495,693,675,522,351,333,312,330,356,359,290,304,316,292,337,364,451,555,315,331,306,319,369,381,328,339,356,329,347,400,408,347,359,377,352,367,423,431,371,383,401,371,383,441,445,378,391,406,375,391,441,450,384,395,410,379,395,446,447,377,395,410,379,395,436,435,374,511,529,490,395,441,444,378,403,418,390,407,572,576,491,556,577,402,419,461,479,413,427,447,413,435,491,499,425,443,459,429,447,509,513,440,455,476,440,657,839,853,625,660,534,452,459,532,537,457,451,468,456,475,565,626,533,521,540,500,475,565,570,485,475,493,456,475,565,570,485,475,493,456,475,1292,983,572,2020-07-03,2020-07-04,2019-10-12
Smart 2BR Near McCormick Place by Domio,https://www.homeaway.com/vacation-rental/p7506933?noDates=true&petIncluded=0,155,148,156,176,183,230,232,202,177,179,181,206,338,339,220,195,201,162,188,289,293,185,169,199,249,484,604,622,377,232,244,303,345,394,382,258,244,217,220,236,261,266,243,219,232,244,255,345,354,225,212,219,207,213,331,334,257,234,239,237,252,322,324,274,259,272,252,200,357,420,315,287,280,186,188,323,342,264,262,272,238,254,331,321,241,225,228,213,221,287,229,214,207,235,225,383,633,668,550,406,266,215,245,591,721,612,590,604,246,173,232,303,239,222,223,198,207,273,279,217,215,223,201,211,279,312,268,273,286,265,249,283,279,216,213,221,205,213,279,287,223,220,226,211,221,297,314,341,343,354,334,360,398,265,221,218,228,211,220,262,266,231,228,241,231,256,298,323,256,239,248,226,236,417,421,364,439,492,239,236,271,258,204,201,208,190,199,228,230,193,200,205,190,190,220,222,189,191,198,184,192,222,224,191,193,200,185,193,221,226,192,197,205,190,198,225,230,196,202,230,232,348,487,475,367,247,234,219,232,250,253,204,214,222,205,237,256,317,390,221,233,215,224,259,268,230,238,250,231,244,281,287,244,252,265,247,258,297,303,260,269,282,261,269,310,312,266,275,285,264,275,310,316,270,278,288,266,277,314,314,265,278,288,266,277,306,306,263,359,372,344,277,310,312,265,283,294,274,286,402,405,345,391,405,282,294,324,337,290,300,314,291,305,345,351,299,311,323,301,314,358,360,309,320,334,309,461,590,599,440,464,375,317,322,374,377,321,317,329,320,334,397,440,374,366,380,351,334,397,401,341,334,346,320,334,397,401,341,334,346,320,334,908,691,402,2020-07-03,2019-10-19,2020-07-04
Massive 3 Floor Townhouse in Loop by Domio!,https://www.homeaway.com/vacation-rental/p7506942?noDates=true&petIncluded=0,209,252,264,247,269,425,434,369,291,297,287,392,711,613,379,365,359,335,434,569,555,380,339,339,408,849,1241,1325,725,395,412,325,348,869,774,440,386,374,348,370,624,687,395,384,390,354,345,703,702,372,346,363,310,313,710,705,547,493,498,466,486,627,619,516,485,498,441,437,622,687,521,507,482,438,472,651,648,534,475,460,427,448,658,639,498,461,453,391,401,583,612,451,430,457,409,672,1358,1486,1275,644,506,391,415,981,1137,989,866,845,393,375,556,582,496,423,429,365,379,528,555,443,427,424,364,365,531,577,485,444,447,412,367,516,533,426,405,407,361,364,515,590,472,437,422,385,398,601,612,572,544,547,524,568,647,511,452,434,436,387,390,502,525,466,443,446,395,398,518,541,476,452,455,408,411,741,774,680,700,750,433,424,517,509,415,390,392,343,346,439,459,398,378,375,333,331,426,445,391,371,373,331,334,430,449,394,375,377,334,337,433,459,403,383,386,342,344,443,469,412,392,440,431,609,939,935,719,487,398,358,365,470,477,394,368,370,309,310,391,450,870,430,437,387,390,513,549,487,462,470,404,424,557,588,516,490,497,445,448,589,620,550,522,530,469,468,596,640,562,533,536,474,477,614,647,567,539,541,479,482,620,647,567,539,541,479,482,620,640,567,539,541,479,482,626,653,573,549,552,494,497,617,673,590,566,568,486,511,664,692,613,582,590,523,531,683,719,630,604,607,542,546,708,738,653,620,629,647,1031,1445,1516,1216,1047,640,526,485,625,711,624,598,601,576,580,745,777,682,647,651,618,580,745,777,682,647,743,576,580,745,777,682,647,651,576,580,1047,1090,682,2020-05-30,2019-10-12,2020-05-29
South Loop Luxury Suite No.7,https://www.homeaway.com/vacation-rental/p1565403vb?noDates=true&petIncluded=0,46,73,70,99,155,184,189,148,144,148,155,177,197,201,156,159,156,163,185,205,217,172,167,164,241,345,364,368,190,185,182,189,259,278,283,190,185,182,189,212,231,235,190,185,182,189,212,231,235,190,185,182,189,212,231,251,193,189,185,192,215,234,238,193,212,209,215,215,234,293,247,243,185,192,215,234,238,193,212,209,215,215,234,238,193,189,185,192,215,234,238,193,189,185,286,418,577,582,537,345,341,192,215,390,394,349,345,341,192,215,234,238,193,189,185,192,215,163,167,122,118,114,120,144,163,167,200,195,192,198,144,163,167,122,118,114,120,144,163,167,122,118,114,214,237,255,260,193,119,115,122,122,140,145,99,95,92,98,122,140,145,99,95,92,98,122,140,145,99,189,185,192,215,234,238,193,329,325,328,118,136,140,95,90,87,94,118,136,140,95,90,87,94,118,136,140,95,90,87,94,118,136,140,95,90,87,94,118,136,140,95,90,87,94,118,136,140,95,90,87,94,140,159,164,119,90,87,94,118,136,140,95,90,87,94,118,136,140,114,110,106,112,136,155,159,114,110,106,112,136,155,159,114,110,106,112,136,155,159,114,110,106,112,136,155,159,114,110,106,128,151,170,175,130,124,122,128,151,170,175,130,124,122,128,151,170,175,130,124,122,128,151,170,175,130,124,122,128,151,225,229,184,180,176,182,206,225,229,184,180,176,182,206,225,229,184,180,176,182,206,225,229,184,180,176,182,206,225,229,184,160,157,164,188,206,210,165,160,157,164,188,206,210,165,160,157,164,188,206,210,165,160,157,164,188,206,210,165,160,157,170,193,212,217,172,2019-10-12,2019-10-11,2019-10-13
South Loop Luxury Suite No.2          ,https://www.homeaway.com/vacation-rental/p1460234vb?noDates=true&petIncluded=0,46,73,70,99,155,184,189,148,144,148,155,177,197,201,156,159,156,163,185,205,217,172,167,164,241,345,364,368,190,185,182,189,259,278,283,190,185,182,189,212,231,235,190,185,182,189,212,231,235,190,185,182,189,212,231,251,193,189,185,192,215,234,238,193,212,209,215,215,234,293,247,243,185,192,215,234,238,193,212,209,215,215,234,238,193,189,185,192,215,234,238,193,189,185,286,418,577,582,537,345,341,192,215,390,394,349,345,341,192,215,234,238,193,189,185,192,215,163,167,122,118,114,120,144,163,167,200,195,192,198,144,163,167,122,118,114,120,144,163,167,122,118,114,214,237,255,260,193,119,115,122,122,140,145,99,95,92,98,122,140,145,99,95,92,98,122,140,145,99,189,185,192,215,234,238,193,329,325,328,118,136,140,95,90,87,94,118,136,140,95,90,87,94,118,136,140,95,90,87,94,118,136,140,95,90,87,94,118,136,140,95,90,87,94,118,136,140,95,90,87,94,140,159,164,119,90,87,94,118,136,140,95,90,87,94,118,136,140,114,110,106,112,136,155,159,114,110,106,112,136,155,159,114,110,106,112,136,155,159,114,110,106,112,136,155,159,114,110,106,128,151,170,175,130,124,122,128,151,170,175,130,124,122,128,151,170,175,130,124,122,128,151,170,175,130,124,122,128,151,225,229,184,180,176,182,206,225,229,184,180,176,182,206,225,229,184,180,176,182,206,225,229,184,180,176,182,206,225,229,184,160,157,164,188,206,210,165,160,157,164,188,206,210,165,160,157,164,188,206,210,165,160,157,164,188,206,210,165,160,157,170,193,212,217,172,2019-10-12,2019-10-11,2019-10-13
South Loop Luxury Suite No.4 by Zencity,https://www.homeaway.com/vacation-rental/p1479776vb?noDates=true&petIncluded=0,46,73,70,99,155,184,189,148,144,148,155,177,197,201,156,159,156,163,185,205,217,172,167,164,241,345,364,368,190,185,182,189,259,278,283,190,185,182,189,212,231,235,190,185,182,189,212,231,235,190,185,182,189,212,231,251,193,189,185,192,215,234,238,193,212,209,215,215,234,293,247,243,185,192,215,234,238,193,212,209,215,215,234,238,193,189,185,192,215,234,238,193,189,185,286,418,577,582,537,345,341,192,215,390,394,349,345,341,192,215,234,238,193,189,185,192,215,163,167,122,118,114,120,144,163,167,200,195,192,198,144,163,167,122,118,114,120,144,163,167,122,118,114,214,237,255,260,193,119,115,122,122,140,145,99,95,92,98,122,140,145,99,95,92,98,122,140,145,99,189,185,192,215,234,238,193,329,325,328,118,136,140,95,90,87,94,118,136,140,95,90,87,94,118,136,140,95,90,87,94,118,136,140,95,90,87,94,118,136,140,95,90,87,94,118,136,140,95,90,87,94,140,159,164,119,90,87,94,118,136,140,95,90,87,94,118,136,140,114,110,106,112,136,155,159,114,110,106,112,136,155,159,114,110,106,112,136,155,159,114,110,106,112,136,155,159,114,110,106,128,151,170,175,130,124,122,128,151,170,175,130,124,122,128,151,170,175,130,124,122,128,151,170,175,130,124,122,128,151,225,229,184,180,176,182,206,225,229,184,180,176,182,206,225,229,184,180,176,182,206,225,229,184,180,176,182,206,225,229,184,160,157,164,188,206,210,165,160,157,164,188,206,210,165,160,157,164,188,206,210,165,160,157,164,188,206,210,165,160,157,170,193,212,217,172,2019-10-12,2019-10-11,2019-10-13
South Loop Luxury Suite No.6 by Zencity,https://www.homeaway.com/vacation-rental/p1509928vb?noDates=true&petIncluded=0,46,71,69,97,151,180,184,145,140,145,151,174,192,197,153,156,153,158,182,200,212,168,163,160,235,337,356,360,186,182,179,184,253,271,276,186,182,179,184,208,226,231,186,182,179,184,208,226,231,186,182,179,184,208,226,245,189,184,182,188,210,229,234,189,208,205,210,210,229,287,243,238,182,188,210,229,234,189,208,205,210,210,229,234,189,184,182,188,210,229,234,189,184,182,279,409,565,570,524,337,334,188,210,382,386,341,337,334,188,210,229,234,189,184,182,188,210,158,163,119,114,112,118,140,158,163,195,191,188,193,140,158,163,119,114,112,118,140,158,163,119,114,112,209,232,250,254,189,116,113,119,119,138,142,97,93,90,96,119,138,142,97,93,90,96,119,138,142,97,184,182,188,210,229,234,189,322,319,321,114,132,138,93,88,86,92,114,132,138,93,88,86,92,114,132,138,93,88,86,92,114,132,138,93,88,86,92,114,132,138,93,88,86,92,114,132,138,93,88,86,92,138,156,160,116,88,86,92,114,132,138,93,88,86,92,114,132,138,112,107,104,110,132,151,156,112,107,104,110,132,151,156,112,107,104,110,132,151,156,112,107,104,110,132,151,156,112,107,104,125,148,166,171,127,122,119,125,148,166,171,127,122,119,125,148,166,171,127,122,119,125,148,166,171,127,122,119,125,148,219,224,180,175,173,179,201,219,224,180,175,173,179,201,219,224,180,175,173,179,201,219,224,180,175,173,179,201,219,224,180,157,154,160,183,201,206,162,157,154,160,183,201,206,162,157,154,160,183,201,206,162,157,154,160,183,201,206,162,157,154,166,189,208,212,168,2019-10-12,2019-10-11,2019-10-13
South Loop 2BR Apt Near McCormick by Domio,https://www.homeaway.com/vacation-rental/p7506936?noDates=true&petIncluded=0,163,154,161,180,194,255,265,188,164,167,185,211,404,406,232,200,207,193,234,306,299,146,135,199,258,510,654,674,389,228,236,301,347,516,506,266,241,211,216,235,345,365,254,221,224,233,248,346,358,225,206,209,203,212,342,343,261,231,228,233,248,329,330,271,258,264,253,252,391,446,335,289,268,230,233,337,356,268,248,251,231,246,336,329,246,221,216,211,219,297,299,224,205,226,228,406,719,767,615,413,247,202,235,630,764,649,593,576,248,212,302,316,249,218,207,190,200,277,289,226,214,211,196,207,290,327,286,277,274,265,247,290,286,223,209,207,199,208,284,295,233,218,212,206,218,295,317,350,336,330,324,352,410,270,226,213,213,205,214,267,272,239,224,230,234,260,311,343,270,236,234,221,230,430,435,374,428,452,231,229,277,265,211,197,195,186,194,232,235,199,198,193,186,185,224,227,195,188,186,179,187,226,229,197,190,188,181,189,226,231,198,194,192,185,193,229,235,202,198,218,231,357,533,518,401,248,222,216,229,257,260,210,210,208,200,234,262,333,425,217,217,209,218,263,272,236,233,234,224,237,286,292,250,247,247,240,251,302,308,267,264,264,253,262,315,318,273,269,266,256,267,315,322,276,272,269,258,270,319,319,271,272,269,258,270,311,311,269,360,356,342,270,314,317,272,277,274,266,278,446,451,386,414,409,298,304,340,343,297,294,294,282,297,349,356,305,342,339,328,343,362,366,317,313,313,300,468,633,645,449,436,318,290,303,380,383,329,299,296,302,315,406,456,391,364,360,380,360,451,456,371,309,306,294,307,385,389,333,301,409,761,477,410,149,149,2019-10-12,2019-10-19,2020-07-01
2BR Apt near McCormick PL(Pool&24hr Gym) by Domio,https://www.homeaway.com/vacation-rental/p7506921?noDates=true&petIncluded=0,158,151,159,179,187,234,237,206,181,183,185,210,375,381,221,188,194,184,218,277,282,179,164,193,241,468,584,606,367,225,225,295,335,477,462,250,236,210,213,228,317,324,235,211,224,236,247,334,344,217,204,212,200,206,321,323,249,227,232,230,244,328,331,278,264,277,258,256,365,429,324,293,287,238,241,330,350,270,266,276,243,256,334,328,245,229,233,218,227,294,294,220,212,242,231,395,644,681,561,416,270,218,250,606,737,626,603,620,254,221,296,309,244,226,228,202,211,279,285,221,219,228,205,215,285,375,355,361,380,352,331,289,284,220,217,226,209,217,284,292,228,224,231,215,225,303,320,347,349,361,340,367,406,270,225,222,233,215,225,267,271,235,232,246,235,261,304,329,261,243,253,231,241,425,429,371,447,502,244,241,276,263,208,204,213,194,203,232,234,197,203,209,193,194,225,227,193,194,203,187,195,227,229,195,196,204,189,197,225,230,196,201,209,193,202,229,234,199,205,235,237,355,497,484,374,251,239,224,237,255,257,208,217,227,210,242,261,323,398,225,237,219,229,264,273,235,243,255,236,249,287,292,249,257,270,252,263,303,309,265,274,288,266,274,316,318,271,280,291,269,280,316,322,275,283,294,272,283,320,320,270,283,294,272,283,312,312,268,365,380,351,283,316,318,270,288,300,280,292,410,413,351,398,414,288,300,330,343,296,305,321,296,312,351,357,304,317,330,307,320,364,367,315,325,342,316,473,605,614,450,475,384,324,329,381,384,327,322,335,327,340,405,449,382,374,388,359,340,405,408,347,340,353,327,340,405,408,347,340,353,327,340,916,710,411,2020-07-03,2019-10-19,2020-07-04
2BR Apt near McCormick Place by Domio,https://www.homeaway.com/vacation-rental/p7506923?noDates=true&petIncluded=0,137,131,138,155,162,203,206,178,159,159,152,170,327,333,194,172,178,169,199,255,259,164,149,176,220,428,533,551,334,163,205,256,290,413,400,216,205,182,185,198,275,281,204,183,194,204,214,290,299,189,178,184,174,179,280,282,216,197,201,199,212,284,287,241,229,240,222,177,253,372,280,253,248,206,209,286,303,234,232,240,210,224,292,284,213,199,202,188,196,254,255,190,184,209,200,341,561,593,488,359,234,189,215,523,637,541,521,535,218,191,257,268,211,196,197,175,183,242,247,192,190,197,178,186,247,313,296,301,317,293,276,250,247,191,188,196,181,188,246,253,197,194,200,186,195,263,278,302,303,313,295,318,352,234,195,193,202,187,195,232,235,204,201,213,204,227,264,286,226,211,220,200,209,369,372,321,388,435,211,209,240,228,180,177,184,168,176,201,203,171,176,181,168,168,195,197,167,169,176,163,169,197,198,169,170,177,164,171,195,200,170,174,181,168,175,199,203,173,178,204,205,308,431,420,324,218,207,194,205,221,223,180,189,196,182,210,226,281,345,195,206,190,198,229,237,204,210,221,205,215,249,254,216,223,234,219,228,263,268,230,238,250,231,238,274,276,235,243,252,233,243,274,280,238,245,255,236,245,277,278,234,245,255,236,245,271,270,232,317,329,304,245,274,276,235,250,260,243,253,355,358,305,345,359,250,260,286,297,257,265,278,257,270,305,310,264,275,286,267,278,316,318,273,282,296,274,410,525,533,390,412,333,281,285,331,333,284,280,291,283,295,351,390,331,324,337,311,295,351,354,301,295,306,283,295,351,354,301,295,306,283,295,795,616,356,2020-07-03,2019-10-19,2020-07-04
